DocID,PageNum,MedConfidence,AvgConfidence,RangeConfidence,IQRConfidence,MedLineLen,ContainsFigWord,ContainsFigLn,FigPos,FigPage
21838,1,98.8070755,97.77790705,7.45602417,2.053268433,20,0,0,-1,0
21838,2,99.1557312,96.87232218,20.45445824,1.679905891,19,0,0,-1,0
21838,3,99.46686363,99.15422732,3.766334534,0.579257965,19,0,0,-1,0
21838,4,99.4549408,99.21382281,2.75881958,0.514592489,33,1,1,0.903225806,0
21838,5,99.0962944,98.32342775,11.67286682,1.091095924,54,1,1,0.285714286,0
21838,6,84.19699478,79.1454628,88.82806301,21.8179369,12,1,0,0.941176471,1
21838,7,99.28800201,94.47703918,32.35062408,9.056423187,35,1,1,0.88,0
21838,8,99.45005035,98.26685295,7.154514313,1.807600021,13,0,0,-1,0
21838,9,99.26897049,98.84336217,3.693252563,1.264511108,53,0,0,-1,0
21838,10,99.47955322,98.88976696,8.152324677,0.889953613,55,1,1,0.896551724,0
21838,11,71.49916077,63.6760306,79.21406937,39.11345673,5,0,0,-1,1
21838,12,99.21292114,98.61912311,6.114509583,1.882720947,45,0,0,-1,0
21838,13,99.72977257,98.03661831,23.16832733,2.03868103,21,0,0,-1,0
21838,14,99.38180542,98.88578747,4.654533386,1.450868607,24,0,0,-1,0
21838,15,99.68375397,99.12179927,3.77318573,0.778995514,56,1,0,0.263157895,0
21838,16,92.13439178,84.19366614,85.6193552,18.2983551,12,1,1,0.977777778,1
21838,17,99.49264526,98.40774126,19.84282684,1.480335236,29,0,0,-1,0
21838,18,98.91870499,98.72289188,5.253364563,1.080932617,55,1,1,0.384615385,0
21838,19,92.56482887,90.12797011,29.98346837,10.99914169,17.5,1,1,0.964285714,1
21838,20,98.36639595,97.85011681,8.90827179,2.258761406,24.5,0,0,-1,0
21838,21,99.31410599,99.05856988,6.580108643,0.694355011,55.5,1,1,0.5,0
21838,22,91.88919067,87.11819341,65.58934784,14.71252441,12,1,1,0.955555556,1
21838,23,99.28400421,98.1699798,13.08455276,1.449663162,28,0,0,-1,0
21838,24,99.27083588,99.0733764,2.664405823,1.303043365,56,0,0,-1,0
21838,25,99.71939087,96.06767654,21.80320358,3.517437935,45.5,0,0,-1,0
22701,1,99.66407013,95.47376862,28.61903381,3.021440506,19.5,0,0,-1,0
22701,2,99.78843689,99.15871429,3.834381104,0.605510712,81.5,0,0,-1,0
22701,3,99.87068939,98.87121964,9.701469421,0.172922134,16,0,0,-1,0
22701,4,99.78979492,99.42814908,6.577766418,0.255929629,39,1,1,0.727272727,0
22701,5,96.72806549,89.62007902,75.90699387,9.447472254,9,1,1,0.948717949,1
22701,6,99.67706108,97.57651552,39.93448639,0.845258713,74,1,1,0.083333333,0
22701,7,99.76677322,99.60119152,2.117931366,0.353171349,74,1,1,0.291666667,0
22701,8,96.51586151,91.05508004,72.09203148,9.911327362,11,1,1,0.948717949,1
22701,9,99.52829819,98.20097551,11.89646301,1.412903404,20,0,0,-1,0
22701,10,99.76876068,99.24038668,7.016563416,0.273750305,76,1,1,0.37037037,0
22701,11,97.90707016,92.38199073,41.96616936,11.5217495,3,1,1,0.923076923,1
22701,12,99.49064255,99.30267187,5.643051147,0.580872536,75.5,1,1,0.769230769,0
22701,13,99.59031677,99.56204804,1.438240051,0.382440567,31,0,0,-1,0
22701,14,99.70845795,98.51754583,12.13821793,0.563972473,25,0,0,-1,0
23543,1,99.22922516,92.93593805,37.11837006,7.684604645,11,0,0,-1,0
23543,2,99.56561279,98.73437818,8.34262085,0.656511307,13.5,0,0,-1,0
23543,3,96.67632294,91.78860387,89.92809105,10.47751331,11.5,1,0,0.96875,1
23543,4,99.71025085,99.51478958,2.495567322,0.646507263,16,1,1,0.764705882,0
23543,5,99.49975586,97.01991018,14.22917557,5.51862812,48,1,1,0.928571429,0
23543,6,91.66627312,84.58698121,89.06565666,11.76665211,9,1,1,0.970588235,1
23543,7,99.73622894,99.13048269,4.675750732,0.705841064,35,1,1,0.529411765,0
24362,1,96.20320129,90.07434781,45.91997528,8.328395844,11,0,0,-1,0
24362,2,99.80057526,99.29193709,2.259613037,1.059593201,20,0,0,-1,0
24362,3,99.74388123,99.26570328,5.938159943,0.436302185,18,1,0,0.5625,0
24362,4,98.85386276,93.36487341,42.93607712,2.96591568,50,0,0,-1,0
24362,5,99.0565033,96.66739608,13.67275238,4.313245773,37,1,1,0.394736842,0
24362,6,93.22528839,89.60864069,42.85944875,12.28299967,18,1,0,0.948717949,1
24362,7,99.77800369,98.86751811,11.10549927,0.268098831,50.5,0,0,-1,0
25551,1,84.62052917,79.38282013,77.451931,28.68073273,12.5,0,0,-1,0
25551,2,99.90415001,88.38161778,67.72234726,2.259056091,14,0,0,-1,0
25551,3,99.84865952,97.52008152,26.22621918,0.618724823,21.5,0,0,-1,0
25551,4,99.81015778,98.57497869,9.486431122,0.977534294,35,1,1,0.214285714,0
26114,1,71.99190521,69.46621528,46.24681473,11.72251892,11,0,0,-1,0
26114,2,99.50269318,97.52471842,17.27020264,2.956922531,13,0,0,-1,0
26114,3,99.76771037,95.762167,35.4381485,1.728738149,19,0,0,-1,0
26114,4,99.55659676,97.87885348,11.43209457,1.404054642,35.5,1,1,0.388888889,0
26114,5,99.22328186,98.82173634,4.589702606,0.935880661,88.5,0,0,-1,0
26114,6,99.28792572,97.73296537,12.41078949,1.175413132,40,1,1,0.064516129,0
26114,7,97.52724648,89.25146765,82.64466667,8.086241722,14.5,1,1,0.941176471,1
26114,8,99.40683746,99.15500732,2.667493184,0.40417099,88,0,0,-1,0
26114,9,99.64485931,99.24936945,3.477073669,0.898217519,87,0,0,-1,0
26114,10,99.12560272,98.62242082,15.37421417,0.69603157,80.5,0,0,-1,0
26114,11,99.62408447,99.07327235,6.266609192,0.44011116,88.5,1,1,0.8125,0
26114,12,95.03916772,92.76528036,43.72635746,9.475772095,7.5,1,1,0.975,1
26114,13,92.63556671,90.80781319,38.09765371,11.70219803,22,1,1,0.972972973,1
26114,14,98.83813667,92.02892261,52.20078913,9.718740463,9.5,1,1,0.916666667,1
26114,15,72.65333939,70.68713756,66.24566269,24.78829288,54,1,1,0.958333333,1
26114,16,99.47233963,99.15692329,3.012084961,0.602308273,91.5,0,0,-1,0
26114,17,99.37754059,99.16986249,2.667088826,0.510612488,85,0,0,-1,0
26114,18,99.04039764,84.93259786,68.14824931,3.34992218,22,0,0,-1,0
26168,1,98.1017952,91.92604277,73.35437775,4.824411392,10.5,0,0,-1,0
26168,2,99.29850006,91.18976838,53.17330297,15.82913049,20,0,0,-1,0
26168,3,99.57486343,98.62191971,11.41917419,0.638738632,26.5,1,1,0.3125,0
26168,4,99.10897064,97.98397619,7.836784363,2.553096771,38,0,0,-1,0
26168,5,99.77913284,99.20844748,5.657958984,0.234765053,28.5,1,1,0.833333333,0
26168,6,99.64672089,99.18298557,5.400993347,0.447147369,88.5,1,1,0.529411765,0
26168,7,99.63540649,99.11289169,5.804084778,0.765536308,42.5,0,0,-1,0
26168,8,99.66014862,99.31123038,2.221870422,0.596250534,89,0,0,-1,0
26168,9,99.42871857,99.10803386,2.948425293,0.796686172,77,0,0,-1,0
26515,1,98.13656235,83.23047014,61.60781097,34.97101688,11.5,0,0,-1,0
26515,2,99.80636597,99.66845116,1.24622345,0.409561157,14,0,0,-1,0
26515,3,99.78583781,96.12993574,30.31580734,1.63057518,20.5,0,0,-1,0
26515,4,99.81188202,98.6124397,6.326313019,2.041312536,32,1,1,0.545454545,0
26515,5,99.82440186,99.49950136,1.670417786,0.503538132,91,0,0,-1,0
26515,6,99.41799927,95.84003403,30.97277641,2.319000244,29,1,1,0.064516129,0
26515,7,95.19624519,84.3332119,97.82280397,9.712515513,13.5,1,1,0.941176471,1
26515,8,99.40519714,99.02827536,4.321609497,1.310028076,91,0,0,-1,0
26515,9,99.54899216,99.10475172,4.465171814,0.661857605,91,0,0,-1,0
26515,10,99.30319214,98.70612104,6.601303101,1.805000305,88,1,1,0.939393939,0
26515,11,99.85226822,96.76654682,44.27408361,3.534936269,6,1,1,0.970588235,1
26515,12,99.08353424,95.67946559,32.98150539,4.479970932,11,1,1,0.974358974,1
26515,13,99.71666718,99.50981864,2.78818512,0.398628235,85,1,1,0.137931034,0
26515,14,99.88623047,92.70002153,50.98748398,11.65489451,7,1,1,0.933333333,1
26515,15,99.30792236,99.33219771,1.499710083,0.527893066,82,0,0,-1,0
26518,1,96.36881256,88.73957894,57.426548,6.616371155,13,0,0,-1,0
26518,2,99.81165314,94.48875134,56.54410553,1.284896851,13,0,0,-1,0
26518,3,99.6105334,95.5720645,38.2404747,1.866556168,22.5,0,0,-1,0
26518,4,99.29132843,98.36608182,8.670066833,2.032032013,30,1,1,0.538461538,0
26518,5,99.65426636,99.37133942,1.395675659,0.864555359,32,0,0,-1,0
26518,6,99.40882874,98.88626242,6.749458313,0.894278208,59,1,1,0.290322581,0
26518,7,89.44493612,80.35699063,90.4595089,30.32758141,16,1,1,0.962264151,1
26518,8,99.54383087,98.240553,10.14706993,2.124969482,47,1,1,0.575757576,0
26518,9,93.42000961,91.03837385,42.4757576,9.540220261,21,1,1,0.962962963,1
26518,10,99.74378967,99.22202492,2.977397919,0.700409889,67,1,1,0.333333333,0
26518,11,96.4875768,93.15515106,26.04493713,10.41997274,18,1,1,0.931034483,1
26525,1,99.60054779,86.35304151,56.88577271,22.17066765,14,0,0,-1,0
26525,2,99.69873428,98.15774645,12.90549469,0.385839462,15,0,0,-1,0
26525,3,99.41444778,98.32675706,22.14886856,1.153722127,28.5,0,0,-1,0
26525,4,99.60949707,98.19788001,13.60624695,1.575216929,50,1,1,0.260869565,0
26525,5,99.77129364,99.06523152,9.371543884,0.736400604,90,0,0,-1,0
26525,6,99.14294052,96.81702526,26.86169243,4.157934189,35,1,1,0.102564103,0
26525,7,98.44630203,95.01008102,44.342031,4.596896172,20,1,1,0.931818182,1
26525,8,96.84043694,95.26596223,21.70561028,8.055656433,20.5,0,0,-1,0
26525,9,98.72186279,96.44408521,16.17041397,6.273471832,17,0,0,-1,0
26525,10,99.29911804,97.78883117,15.72055054,1.24584198,81,0,0,-1,0
26525,11,99.37295914,98.89492356,6.151935577,1.159385681,90,0,0,-1,0
26525,12,99.72502899,99.31074439,4.29983139,0.465820313,88,0,0,-1,0
26525,13,99.78408813,99.40245965,6.135894775,0.34627533,90,0,0,-1,0
26525,14,99.5202446,99.41491018,3.048465729,0.5873909,91,0,0,-1,0
26525,15,99.03903198,98.66601799,5.044868469,0.928730011,90,0,0,-1,0
26525,16,99.54664993,96.46797769,63.49944305,1.338916779,75.5,0,0,-1,0
26525,17,99.5728035,98.52139729,19.15173721,0.582660675,37,0,0,-1,0
26525,18,99.6648941,99.39226578,2.333816528,0.537517548,87,0,0,-1,0
26525,19,99.58467102,99.03594349,9.384951274,0.69411087,90.5,0,0,-1,0
26525,20,99.56906128,99.03555576,4.514648438,1.060781479,93.5,0,0,-1,0
26525,21,99.43601227,98.96068662,8.688796997,0.664176941,87,0,0,-1,0
26525,22,99.64736938,99.263791,7.739705404,0.519945145,90,1,1,0.631578947,0
26525,23,99.61800385,99.4632824,1.867141724,0.599853516,84,0,0,-1,0
26525,24,99.64229965,98.32461767,20.92914581,2.56684494,50,0,0,-1,0
26525,25,99.63505554,98.63085305,13.70038605,1.23550415,76,0,0,-1,0
26525,26,99.69734192,97.46723557,51.05692291,1.446430206,69,0,0,-1,0
26845,1,98.72345352,92.75313786,46.25448608,5.492753983,8.5,0,0,-1,0
26845,2,99.73960876,96.71617737,32.16384125,0.315639496,13,0,0,-1,0
26845,3,99.6802063,98.2784938,19.77925746,0.689963659,18,0,0,-1,0
26845,4,99.65424347,93.43109897,74.32152748,2.170456568,32,1,1,0.368421053,0
26845,5,99.77681351,99.46993365,2.305587769,0.408994675,82.5,0,0,-1,0
26845,6,99.6607666,98.52604115,27.78707695,0.642272949,67,1,1,0.060606061,0
26845,7,97.43944168,90.30269584,78.11564445,10.92755636,17,1,1,0.942857143,1
26845,8,99.70034027,99.3462115,2.847415924,0.719398499,88,0,0,-1,0
26845,9,99.61824036,98.79476176,9.77868398,0.6745224,86,0,0,-1,0
26845,10,99.72779465,99.24123864,6.691131592,0.531196594,80,1,1,0.96969697,0
26845,11,97.40501404,90.72245828,84.54693222,8.735432943,8,1,1,0.971428571,1
26845,12,95.00247192,93.12649947,32.25409698,8.424713135,8,1,1,0.971428571,1
26845,13,99.454216,99.27421403,2.461090088,0.658205032,83.5,1,1,0.1875,0
26845,14,96.8216416,94.21456337,62.06451832,5.911989039,50,1,1,0.976744186,1
26845,15,96.54705048,92.55825492,28.51834869,12.68310547,7,1,1,0.941176471,1
26845,16,99.37112045,99.11794331,3.869987488,0.584236145,84,0,0,-1,0
26845,17,99.66701508,99.48304782,1.629615784,0.528179169,83,0,0,-1,0
27409,1,98.58561707,92.59225435,50.08619308,2.853088379,13,0,0,-1,0
27409,2,99.73057938,96.60112572,15.65995026,5.850389481,13,0,0,-1,0
27409,3,99.77697055,96.79302788,22.28522746,3.823013306,23.5,0,0,-1,0
27409,4,99.4384079,99.00900798,3.20932134,0.907226563,26.5,1,1,0.333333333,0
27409,5,99.72203064,99.19358167,4.085597992,0.678100586,80,0,0,-1,0
27409,6,99.51117706,98.47449727,6.811225891,2.200050354,38,1,1,0.129032258,0
27409,7,97.03004328,93.06423345,58.24649429,7.15597713,16,1,1,0.952380952,1
27409,8,99.72403336,99.49943157,1.260719299,0.677898407,83,1,1,0.875,0
27409,9,99.14873377,96.60430488,21.15218353,3.718696594,13,1,1,0.928571429,1
27409,10,99.4657135,98.28326827,16.12567139,1.060157776,80,1,1,0.783783784,0
27409,11,99.72768656,99.66913274,0.511486053,0.319213867,81,0,0,-1,0
27958,1,99.87999344,95.87963295,20.240242,3.109262466,10,0,0,-1,0
27958,2,99.64390564,98.98069818,5.132766724,0.987264633,11,0,0,-1,0
27958,3,99.62847265,97.33511823,21.6426239,0.457897504,20,0,0,-1,0
27958,4,99.27650261,98.43352254,3.767864227,2.393862724,19.5,0,0,-1,0
27958,5,99.82800293,99.74448268,0.510383606,0.171447754,34.5,0,0,-1,0
27958,6,99.63102341,99.27502157,3.642766317,0.754383087,85,0,0,-1,0
27958,7,99.68053945,99.53791866,1.633911133,0.369873047,89,0,0,-1,0
27972,1,99.744133,94.83592076,37.93054581,0.951850891,22,0,0,-1,0
27972,2,99.58600616,97.44049297,30.36000061,1.241294861,21,0,0,-1,0
27972,3,99.71595891,98.58088127,18.44703166,0.967715581,23,0,0,-1,0
27972,4,99.21676254,93.20458543,30.86692047,9.535507202,39,1,1,0.421052632,0
27972,5,99.27135086,98.73915935,7.021087646,0.949116389,47,0,0,-1,0
27972,6,99.69565582,99.14328704,8.193649292,0.889087677,47,0,0,-1,0
27972,7,99.59189606,97.83021461,14.39300156,0.795532227,42,1,1,0.121212121,0
27972,8,98.40995026,91.84371598,78.87554741,9.040592194,17,1,1,0.981818182,1
27972,9,99.31067657,97.22738565,16.20553589,2.552188873,21,0,0,-1,0
27972,10,99.45857239,99.1586808,3.010147095,0.93447876,82,0,0,-1,0
27972,11,99.76731873,99.43697021,5.715522766,0.358186722,71,0,0,-1,0
27972,12,99.74501038,99.49084364,2.384841919,0.437770844,76,0,0,-1,0
27972,13,99.37666321,99.08006169,4.074836731,1.045204163,78,0,0,-1,0
27972,14,99.58280563,99.07179041,8.830368042,0.76574707,79,0,0,-1,0
27972,15,99.70952225,98.71344995,12.48366165,0.534831047,36,0,0,-1,0
27972,16,99.35321045,98.31410935,15.31500626,1.161392212,68.5,0,0,-1,0
27972,17,99.79298019,97.9776538,22.45206261,0.721424103,30,0,0,-1,0
27972,18,99.57952881,97.57588955,35.83686066,1.002490997,74,1,0,0.548387097,0
27972,19,28.62802029,28.62802029,9.629076004,4.814538002,28,0,0,-1,1
27972,20,99.60178375,95.45310659,69.52440262,2.419082642,25,1,1,0.945945946,1
27972,21,47.2132225,53.59898646,84.02075386,49.83486605,3,0,0,-1,1
27972,23,35.32223129,30.91939199,42.7093792,30.7548697,4.5,0,0,-1,1
27972,24,96.18297672,95.30815824,15.86099582,4.735139105,67.5,0,0,-1,0
27972,25,99.76305008,99.47207059,2.587265015,0.17993927,78,0,0,-1,0
27972,26,99.61264038,99.29596412,4.735618591,0.608486176,74,0,0,-1,0
28298,1,99.52584839,90.47984526,63.52787399,9.602588654,12,0,0,-1,0
28298,2,99.76672363,96.78127456,32.12368011,0.81415844,13,0,0,-1,0
28298,3,99.75041199,98.54422582,11.86325328,0.602352142,27,0,0,-1,0
28298,4,99.75231552,99.44739327,1.810005188,0.507049561,35,1,1,0.692307692,0
28298,5,99.73319244,99.03995323,12.83600616,0.617225647,85,1,1,0.147058824,0
28298,6,98.09505844,93.09532852,41.29073715,9.765052795,14,1,1,0.931034483,1
28298,7,99.40262604,96.58705798,29.39949036,2.474742889,79,1,1,0.529411765,0
28298,8,99.58916473,99.0357869,5.645713806,0.712142944,85,1,1,0.48,0
28298,9,60.13357766,59.14500657,92.146698,36.71392345,6.5,0,0,-1,1
28298,10,99.57158661,89.12476565,72.48871422,11.08952713,4,1,1,0.933333333,1
28298,11,98.98397827,92.03847226,36.22647762,10.38087463,5,1,1,0.923076923,1
28298,12,96.85648727,83.85486309,80.14139748,16.37409496,3.5,1,1,0.9375,1
29013,1,94.60534286,86.53034183,70.11355972,15.27346039,11.5,0,0,-1,0
29013,2,99.80477905,96.1137305,26.23147583,1.529525757,14,0,0,-1,0
29013,3,99.6744887,98.05011177,13.18196615,0.840590159,33.5,0,0,-1,0
29013,4,99.46177419,98.21104881,12.44676971,1.219052633,55,1,1,0.107142857,0
29013,5,99.69522858,99.60509472,1.051544189,0.356071472,83,0,0,-1,0
29013,6,99.49645996,98.00569819,17.23651505,1.143188477,42.5,1,1,0.264705882,0
29013,7,94.89286041,92.61295283,40.16902542,10.27943611,12,1,1,0.966666667,1
29013,8,99.71028519,99.12407116,15.61219279,0.494962692,86,0,0,-1,0
29013,9,99.37644196,98.46955809,19.24502182,1.042049408,35,0,0,-1,0
29013,10,99.69358826,98.9812691,9.218994141,0.514522552,46,0,0,-1,0
29013,11,99.70787048,99.1610186,4.877540588,0.412662506,64,0,0,-1,0
29013,12,99.70870972,98.96090298,8.268238068,0.81035614,56,0,0,-1,0
29013,13,99.75420761,98.49660339,14.01416779,0.994143009,42.5,0,0,-1,0
29013,14,99.76195908,98.80307202,14.4146347,1.066188812,44,0,0,-1,0
29013,15,99.79520035,90.94198589,65.24803162,3.124501467,57,0,0,-1,0
29013,16,99.76217651,99.58751166,1.827598572,0.307907104,86,0,0,-1,0
29013,17,98.93000412,98.79927985,2.420144399,1.373535474,30,0,0,-1,0
29349,1,99.50332642,94.12249875,34.19678497,5.90256691,15,0,0,-1,0
29349,2,99.81473923,98.16268321,20.44108963,0.63643837,15.5,0,0,-1,0
29349,3,99.77813466,98.24214533,7.305084229,2.535299301,26,0,0,-1,0
29349,4,99.71443939,99.28174309,3.527072906,0.560625076,40,1,1,0.608695652,0
29349,5,99.50993729,99.14457355,5.395584106,0.574310303,78,0,0,-1,0
29349,6,99.60955811,98.30126761,18.92498779,0.660861969,75,1,1,0.628571429,0
29349,7,97.51751518,91.23847279,62.37174225,14.98379612,13,1,1,0.970588235,1
29349,8,99.59725189,99.1596488,8.625511169,0.461407661,77.5,1,0,0.5,0
29349,9,98.28319772,97.68984618,11.65646362,1.8525877,21,1,1,0.928571429,1
29349,10,99.36652374,97.94097989,15.08489227,1.00481987,71.5,1,1,0.05,0
29349,11,99.58408356,99.42663468,1.996902466,0.55547142,79,1,0,0.222222222,0
29349,12,99.70325216,99.42425639,2.694496155,0.39012146,30,0,0,-1,0
29349,13,98.88801722,98.71861219,8.058262507,0.504945611,122,0,0,-1,0
29349,14,98.50321858,98.46265557,4.04836853,1.007073711,122,0,0,-1,0
29733,1,99.05213928,93.15466995,41.63093948,3.929821014,16,0,0,-1,0
29733,2,99.75088501,97.28782899,27.42951584,1.510951042,19,0,0,-1,0
29733,3,99.63102468,97.228092,21.55694707,0.831451416,23,0,0,-1,0
29733,4,99.77207565,99.66464815,0.83518219,0.262756983,33.5,1,1,0.5,0
29733,5,99.49017334,98.72605836,7.283927917,1.249645233,62,0,0,-1,0
29733,6,99.62317657,98.36453686,19.9402949,0.572242737,24,1,1,0.24137931,0
29733,7,96.49453735,88.41656553,49.22952271,19.69045639,14,1,1,0.939393939,1
29733,8,99.68309402,99.2662606,5.886711121,0.4926548,77.5,1,1,0.970588235,0
29733,9,99.51953761,96.80541194,21.58343506,1.483927727,50.5,1,1,0.794117647,0
29733,10,95.40166473,83.31117894,82.75251579,23.35707779,14,1,1,0.933333333,1
29733,11,99.71993256,99.32347816,5.563926697,0.542118073,59,0,0,-1,0
29850,1,99.71962738,87.28699554,69.27353668,6.922328949,13,0,0,-1,0
29850,2,99.88454056,98.31770119,19.47160339,0.089004517,18,0,0,-1,0
29850,3,99.76369222,99.68691311,0.778462728,0.384867986,22,0,0,-1,0
29850,4,99.75138855,99.61071388,0.828933716,0.255776087,44,1,1,0.25,0
29850,5,99.79976845,99.58568382,1.711700439,0.159000397,40,0,0,-1,0
29850,6,99.60323715,98.23708534,13.89134216,1.767970221,47.5,1,1,0.973684211,0
29850,7,98.0835139,93.43588033,59.7484169,6.688817978,14.5,1,1,0.944444444,1
29850,8,99.56698227,98.25051418,11.54040527,1.00652504,73.5,0,0,-1,0
29850,9,99.63028717,97.86515197,27.89567566,1.203994751,78,0,0,-1,0
30281,1,98.49541473,94.93084653,33.46946716,4.255361557,12.5,0,0,-1,0
30281,2,99.80685425,94.69029678,42.05277634,1.410978317,19,1,1,0.684210526,0
30281,3,99.07492065,96.75357119,18.63413239,3.659906387,36,1,1,0.333333333,0
30281,4,99.66366577,99.43801294,2.655715942,0.376022339,78,0,0,-1,0
30281,5,99.64027405,99.17015943,10.80619812,0.564529419,73,1,1,0.212121212,0
30281,6,99.22672272,98.59930583,5.652439117,0.867923737,46,0,0,-1,0
30392,1,99.34561539,91.87009006,43.47932816,10.60786057,15,0,0,-1,0
30392,2,99.77372742,95.06473181,54.864247,0.519163132,14,0,0,-1,0
30392,3,99.75819397,91.99861425,69.72316074,0.58293438,22.5,1,1,0.375,0
30392,4,99.80474345,95.88383714,24.94928169,1.176371257,17,0,0,-1,0
30392,5,99.79824066,97.12649536,18.83690643,0.059379578,47,0,0,-1,0
30392,6,99.54608917,98.05567015,24.71319071,0.47202301,72,1,1,0.636363636,0
30392,7,99.41397095,98.71216013,5.21814092,1.52747345,72.5,1,1,0.65625,0
30392,8,99.5454483,96.1090978,17.59906006,4.144721985,50,0,0,-1,0
30540,1,99.44551849,96.51474039,24.02600098,2.810558319,16,0,0,-1,0
30540,2,99.82780075,97.94300461,28.51685333,0.155163765,13,0,0,-1,0
30540,3,99.67942429,99.41975795,1.761563619,0.713593165,22,0,0,-1,0
30540,4,99.78157616,98.90554228,7.984430949,0.752839088,33,1,1,0.357142857,0
30540,5,99.4050293,97.70558809,12.68523788,1.706092834,39.5,1,1,0.447368421,0
30540,6,97.10253143,88.73673496,54.42681503,15.58824158,14,1,1,0.945945946,1
30540,7,99.54212952,99.29402642,3.656166077,0.709373474,85,1,1,0.972972973,0
30540,8,98.34794998,96.36468772,68.54297829,2.413780212,50,1,1,0.461538462,0
30540,9,99.64348221,99.48451508,1.955223083,0.494537354,86.5,0,0,-1,0
30540,10,99.22600937,98.90788142,5.822052002,0.596637726,81,0,0,-1,0
31069,1,99.72020721,98.62736953,14.92514801,1.148162842,11,0,0,-1,0
31069,2,99.71585846,99.18593625,6.283737183,0.284229279,13,0,0,-1,0
31069,3,99.82941437,96.97249148,19.1003774,1.203377406,18,0,0,-1,0
31069,4,99.86841583,99.37730789,2.184635162,0.743396759,18,1,1,0.285714286,0
31069,5,99.76958466,99.64683533,1.142059326,0.197835922,67.5,0,0,-1,0
31069,6,99.61719513,99.28982735,5.259403229,0.565696716,75.5,1,1,0.764705882,0
31069,7,99.71086884,99.25203129,8.436080933,0.547088623,78,0,0,-1,0
31069,8,99.69838079,99.26223558,4.664863586,0.465713501,79.5,0,0,-1,0
31356,1,99.57736969,90.18209939,78.71782875,2.580879211,13,0,0,-1,0
31356,2,99.8984375,95.10995026,32.72304535,0.94959259,17,0,0,-1,0
31356,3,99.815389,99.27669548,4.121681213,0.253583272,19,0,0,-1,0
31356,4,99.07579486,97.97146845,8.141235352,1.720685323,40,1,1,0.625,0
31356,5,99.465271,99.12243444,4.671714783,0.866523743,55,0,0,-1,0
31356,6,99.51737213,99.22276121,4.933815002,0.785949707,79,1,1,0.621621622,0
31356,7,98.20863978,95.76676501,69.57162476,2.800713221,58,0,0,-1,0
31356,8,99.62604523,97.87892072,29.16690636,0.315856934,87,1,1,0.823529412,0
32676,1,99.78869629,91.27875824,72.44525146,5.434783936,13,0,0,-1,0
32676,2,99.8429451,95.41348149,53.44174194,0.531791687,16,0,0,-1,0
32676,3,99.78277842,98.43930971,16.69088745,0.79993248,22,0,0,-1,0
32676,4,99.78770701,98.23402143,13.75614166,1.699020386,42,1,1,0.176470588,0
32676,5,99.71980667,94.37789259,60.26602173,1.567569733,31,0,0,-1,0
32676,6,99.78176117,94.26698875,63.69394302,0.498718262,82,0,0,-1,0
32676,7,94.63510132,89.56119948,87.27981472,12.46814315,12,1,1,0.955555556,1
32676,8,99.18776703,94.75402374,40.57796478,6.833468755,45,1,1,0.128205128,0
32676,9,99.7585144,97.63373196,78.10045242,0.526226044,79,0,0,-1,0
32676,10,99.75220299,96.40887038,51.23672104,0.702783585,76,0,0,-1,0
32676,11,99.53598022,98.76090351,5.76024882,0.82529068,36,0,0,-1,0
32676,12,99.6336441,99.50164039,3.313824972,0.306724548,81,1,1,0.794871795,0
32676,13,99.5905962,98.14160049,26.17182922,0.727161407,79,0,0,-1,0
32676,14,99.57398605,97.74905769,45.16960526,0.398151398,78,0,0,-1,0
32676,15,98.57387719,97.71339106,20.90601349,1.032271703,103,0,0,-1,0
32676,16,99.54286957,99.22744714,3.705978394,0.519699097,81,0,0,-1,0
32676,17,99.6504097,99.27078228,4.155540466,0.455312729,78,0,0,-1,0
32676,18,99.67749786,98.45594574,21.29959106,0.536964417,80,1,0,0.774193548,0
32676,19,99.19844818,97.58401835,35.03865051,0.983886719,72,0,0,-1,0
33054,1,99.65125275,97.01077318,29.48823547,1.995613098,17,0,0,-1,0
33054,2,99.8294754,96.94798122,28.2135849,0.844894409,13,0,0,-1,0
33054,3,99.72468821,98.05257893,13.61017354,1.114201864,22,0,0,-1,0
33054,4,99.71459961,99.18645124,2.379234314,1.481079102,25,1,1,0.444444444,0
33054,5,99.69051743,99.36778431,3.397186279,0.56539917,78,0,0,-1,0
33054,6,99.73955645,97.81534037,14.86069107,1.108722687,63,1,1,0.225806452,0
33054,7,99.68132591,99.2522047,3.317436218,0.569807053,84,0,0,-1,0
33054,8,99.59357452,98.843025,11.43878555,0.419761658,85.5,1,1,0.944444444,0
33054,9,99.73613739,99.4039582,3.558006287,0.237709045,87,1,1,0.448275862,0
33355,1,98.62837982,90.17205253,69.00391769,3.271774292,13,0,0,-1,0
33355,2,99.58905029,94.18905032,43.6784277,0.493058205,14,1,0,0.25,0
33355,3,95.09041595,76.45626654,92.15414333,37.53891754,10,1,1,0.243243243,1
33412,1,99.85153198,96.18200801,35.43969612,1.848571777,18,0,0,-1,0
33412,2,99.84609477,98.64738459,14.93188222,0.193694433,18,1,1,0.652173913,0
33412,3,99.81068611,97.21327031,25.43791199,0.264691353,23,0,0,-1,0
36198,1,99.82453918,99.62570411,2.762153625,0.240116119,17,0,0,-1,0
36198,2,99.59720612,99.2982783,1.470748901,0.607933044,85,0,0,-1,0
36198,3,99.56373342,98.87513176,12.52019501,0.582822164,18,1,1,0.619047619,0
36198,4,99.25244904,98.90297162,5.313766479,0.569259644,80,1,1,0.2,0
36198,5,99.2378629,91.54229369,83.91174126,9.731727282,8.5,1,1,0.9375,1
36198,6,99.39631844,99.28122571,1.478034973,0.251592,39,0,0,-1,0
36198,7,99.14769745,98.99965606,2.877044678,0.491271973,81,1,1,0.837837838,0
36198,8,94.71351624,89.4190366,83.93670082,11.06705284,18,1,1,0.96,1
36198,9,99.63738632,99.38941705,1.832168579,0.582505163,78.5,0,0,-1,0
36198,10,99.77328873,99.77328873,0.31728363,0.158641815,12.5,0,0,-1,0
36198,11,89.92715945,89.6660846,7.868924581,3.366315244,163,0,0,-1,0
36198,12,98.54058095,97.39907413,7.890679359,4.207348923,53,0,0,-1,0
36198,13,23.42942047,22.73025278,39.44492674,19.11182714,11.5,0,0,-1,0
36198,14,95.16738653,94.12355278,15.64309263,6.058736563,43.5,0,0,-1,0
36198,15,97.22406578,96.66388847,18.07390308,0.97213459,98,0,0,-1,0
37414,1,99.89364624,99.63629292,6.585357666,0.099189758,18,0,0,-1,0
37414,2,99.52374268,99.24375572,5.151870728,0.210683823,82.5,0,0,-1,0
37414,3,99.59878286,98.55328242,12.09433492,0.237912496,18,1,1,0.714285714,0
37414,4,99.34475899,98.74486146,4.029717763,1.376229922,57,1,1,0.192307692,0
37414,5,98.04566956,95.99620514,24.79618925,4.725784302,15,1,1,0.945945946,1
37414,6,99.16401672,98.97995553,2.348976135,0.55342865,79,1,1,0.073170732,0
37414,7,98.94846344,93.99448836,35.08160019,5.498141289,14,1,1,0.913043478,1
37414,8,99.22998428,98.86712055,8.754325867,0.416531563,75.5,0,0,-1,0
37414,9,99.42929077,99.35179656,1.133399963,0.338903427,81.5,1,1,0.678571429,0
37414,10,99.14549255,98.34964475,7.463188171,1.559078217,58,0,0,-1,0
37414,11,99.90656662,99.90656662,0.070762634,0.035381317,21,0,0,-1,0
37414,12,98.80357056,98.45417677,9.489578247,0.845563761,41,0,0,-1,0
37414,13,98.40322113,98.05997202,5.85866038,2.015739441,44,0,0,-1,0
37838,1,99.89535522,99.5509302,5.297973633,0.132263184,17,0,0,-1,0
37838,2,99.39539719,98.63592834,4.269096375,1.590385437,65.5,0,0,-1,0
37838,3,99.71164703,99.25155914,3.866396586,0.252530416,15,1,1,0.692307692,0
37838,4,99.24028397,98.82830243,4.497005463,0.691553116,80.5,1,1,0.566666667,0
37838,5,94.5057275,93.23657776,21.65925598,9.422941208,17,1,1,0.935483871,1
37838,6,99.36645889,98.87837861,7.632209778,0.608682632,80,0,0,-1,0
38865,1,99.84606171,98.58367348,17.80908203,0.209636688,13.5,0,0,-1,0
38865,2,99.69966125,99.65236855,0.41418457,0.304149628,61.5,0,0,-1,0
38865,3,99.80677287,97.82084942,21.72621791,0.161031723,14.5,1,1,0.666666667,0
38865,4,99.3924427,99.08952364,4.526405334,0.689277267,59,1,1,0.346153846,0
38865,5,95.03516388,94.16230927,18.1176033,8.827613831,17,1,1,0.942857143,1
39782,1,99.90480804,99.78939258,1.12437439,0.108581543,15,0,0,-1,0
39782,2,99.48445129,98.90252635,3.287559509,1.301952362,87,0,0,-1,0
39782,3,99.37316895,98.6419517,17.32208633,0.526153564,23,1,1,0.56,0
39782,4,99.34057617,99.09290932,3.609741211,0.529296875,79,1,1,0.137931034,0
39782,5,97.93379974,95.18959053,22.25036621,7.292401632,15,1,1,0.871794872,1
39782,6,99.16260147,98.97315517,1.653511047,0.509725571,79,1,1,0.342105263,0
39782,7,98.9304018,94.24805518,28.54671828,6.987361431,21,1,1,0.928571429,1
39782,8,99.29226685,98.80247421,10.91188812,0.635463715,55,1,1,0.171428571,0
39782,9,99.86039734,96.744623,54.75500543,0.610427856,3,1,1,0.972972973,1
39782,10,99.79179382,97.03343358,27.14412689,2.014002482,5.5,1,1,0.96875,1
39782,11,99.27990723,98.7555319,4.930839539,0.747653961,85,0,0,-1,0
39782,12,99.73425293,99.73425293,0.462890625,0.231445313,21,0,0,-1,0
39782,13,99.84832764,99.54429118,1.104904175,0.552452087,20,0,0,-1,0
39782,14,99.87174606,99.87174606,0.115013123,0.057506561,15.5,0,0,-1,0
39782,15,99.860672,99.860672,0.168838501,0.08441925,25.5,0,0,-1,0
39782,16,99.80902481,99.80902481,0.146598816,0.073299408,23,0,0,-1,0
42781,1,99.80751038,99.45279514,1.789703369,0.58997345,17,0,0,-1,0
42781,2,99.76182556,99.54360199,1.657028198,0.185987473,70.5,0,0,-1,0
42781,3,99.4041748,99.06947117,9.306663513,0.414042155,19,1,1,0.608695652,0
42781,4,99.45049667,98.96172753,11.76615143,0.718276978,86.5,1,1,0.131578947,0
42781,5,96.15596008,95.01243132,24.09004211,5.45716095,15,1,1,0.888888889,1
42781,6,99.45960999,99.36134918,1.259124756,0.346488953,87,0,0,-1,0
42781,7,99.22498169,98.77228974,12.65901947,0.603088379,57,1,1,0.933333333,0
42781,8,95.84518242,94.01913766,26.07801819,6.309041023,16,1,1,0.913043478,1
42781,9,99.15290833,98.52109576,6.898712158,0.969003677,55.5,1,1,0.476190476,0
42781,10,99.54046631,99.30909293,1.895309448,0.654586792,81,0,0,-1,0
42781,11,99.69491959,99.69491959,0.54082489,0.270412445,14.5,0,0,-1,0
42781,12,99.31053848,98.85755912,10.31300354,0.59309063,179,0,0,-1,0
42781,13,99.45669212,98.9729507,10.95293427,0.438631058,178,0,0,-1,0
43505,1,99.899086,99.10175505,5.761352539,1.194374084,13,0,0,-1,0
43505,2,99.75428009,99.66440305,0.630134583,0.229797363,81,0,0,-1,0
43505,3,99.60675494,99.17338516,5.868110657,0.239732742,19,1,1,0.681818182,0
43505,4,99.4925766,99.11002459,2.746559143,0.950119019,58,1,0,0.142857143,0
43505,5,99.19099744,98.13408219,11.96152115,1.719777107,35.5,0,0,-1,0
43505,6,99.66392517,97.55012894,10.01766205,2.936697006,77,0,0,-1,0
43505,7,99.58492279,99.35571329,1.866859436,0.38269043,83,0,0,-1,0
43505,8,99.71514893,99.3474035,5.544410706,0.636487961,57,0,0,-1,0
43505,9,93.72397423,91.21857162,59.13951492,7.80741094,23,1,0,0.968253968,1
43505,10,99.10369873,98.68073384,5.358268738,0.776111603,77,1,1,0.390243902,0
43505,11,99.52474976,98.3781247,15.9933815,0.945835114,33,0,0,-1,0
43505,12,95.10710526,90.74560045,51.96975327,13.88317394,15.5,1,0,0.944444444,1
43505,13,99.75975418,99.59880257,0.97795105,0.514745712,5,1,1,0.625,1
43505,14,99.77845001,93.01698768,53.90120792,0.40814209,5,1,1,0.625,1
43505,15,98.65641785,98.38872477,5.067245483,1.29857254,84,0,0,-1,0
44387,1,99.85654449,99.32761688,4.400154114,0.104114532,15,0,0,-1,0
44387,2,99.62810898,99.46860199,0.809875488,0.342916489,81.5,0,0,-1,0
44387,3,99.78897095,99.01268944,4.996681213,1.205540975,17,1,1,0.615384615,0
44387,4,99.12542725,98.0565849,12.42712402,1.663103739,46,1,1,0.217391304,0
44387,5,99.3800354,99.28136771,1.382003784,0.343383789,82,0,0,-1,0
44387,6,48.99163437,50.96921914,76.04223824,32.73863014,17,1,1,0.941176471,1
45470,1,99.86262512,99.57910767,3.294441223,0.104644775,16.5,0,0,-1,0
45470,2,99.66415405,98.56928253,5.151809692,1.27365303,91.5,0,0,-1,0
45470,3,99.72900391,98.2937834,16.88271332,0.121016502,16,1,1,0.666666667,0
45470,4,99.1194458,97.8833135,7.106822968,1.85345459,46,1,1,0.36,0
45470,5,99.67538452,94.49168386,40.00592422,4.047977448,14,1,1,0.827586207,1
45470,6,99.25895691,99.06843389,2.935630798,0.510822296,89,0,0,-1,0
47884,1,99.87376022,99.62703085,2.333206177,0.150777817,17.5,0,0,-1,0
47884,2,99.64881897,99.06925063,2.415878296,1.18062973,95,0,0,-1,0
47884,3,99.63739395,98.47489664,8.061286926,0.859689713,14.5,1,1,0.75,0
47884,4,99.44989929,99.13133408,2.141384888,0.580375671,51,1,1,0.473684211,0
47884,5,99.1581955,92.7417398,44.65287781,2.324712118,11,1,0,0.931034483,1
47884,6,99.59137726,99.41421941,0.951927185,0.573167801,92,0,0,-1,0
52673,1,99.70179367,99.55325862,2.75604248,0.218847275,17.5,0,0,-1,0
52673,2,99.59581757,99.31080712,2.468574524,0.350959778,86,0,0,-1,0
52673,3,99.79906082,99.37016699,4.985221863,0.230228424,14.5,1,1,0.666666667,0
52673,4,99.15337753,98.39253978,13.09711456,0.805713654,54,1,1,0.34375,0
52673,5,97.91134453,95.37774128,23.28009796,6.276412964,22,1,1,0.954545455,1
52673,6,99.52567291,99.49736786,0.603805542,0.31388092,75,0,0,-1,0
53638,1,99.73024368,96.94506569,44.87075806,1.196556091,17.5,0,0,-1,0
53638,2,99.77377701,99.57084529,1.12575531,0.354618073,62.5,0,0,-1,0
53638,3,99.53913116,98.53010721,14.33838654,0.566831589,17,1,1,0.681818182,0
53638,4,99.04955546,97.75201352,11.00408936,2.00201416,37,1,1,0.36,0
53638,5,96.19428711,86.40696382,84.85321426,10.34342829,21,1,1,0.782608696,1
53638,6,98.98977661,98.95314958,2.138656616,0.953151703,86,0,0,-1,0
53638,7,98.55553436,98.12836962,10.40890503,2.371116638,40,0,0,-1,0
53638,8,98.94016266,98.94016266,0,0,5,0,0,-1,1
53638,9,99.64807129,98.45035797,9.857948303,1.176976013,84,0,0,-1,0
53638,10,97.91497162,97.21690101,12.16573288,2.77436622,25.5,0,0,-1,0
56500,1,99.80998993,95.28759564,74.21710968,0.144943237,20,0,0,-1,0
56500,2,99.27840424,98.96143659,3.754241943,0.96241951,84.5,0,0,-1,0
56500,3,99.7953186,99.47508441,5.651863098,0.149342855,18,1,1,0.631578947,0
56500,4,99.25493622,98.75690876,5.957229614,1.192970276,85.5,1,1,0.777777778,0
56500,5,97.7906723,90.00953527,93.9154501,7.427600384,11.5,1,0,0.923076923,1
56500,6,99.30875015,99.16931839,1.881481171,0.275995255,95,0,0,-1,0
56500,7,99.16117859,98.83951633,3.545341492,0.756687164,91,1,1,0.051282051,0
56500,8,94.92561086,89.90799484,87.67570114,6.611103058,13.5,1,0,0.928571429,1
56500,9,99.73807144,99.52055613,1.462059021,0.121213913,93.5,0,0,-1,0
56628,1,99.86875153,99.34603585,3.493148804,0.273527145,19,0,0,-1,0
56628,2,99.76963806,99.28170222,2.963066101,0.373126984,63,0,0,-1,0
56628,3,99.66680717,97.1857481,26.09636116,1.233428001,17,1,1,0.571428571,0
56628,4,99.20108414,98.31604996,5.620285034,2.383488655,53,1,1,0.625,0
56628,5,38.5131073,54.06377788,96.60966945,78.29308752,16,0,0,-1,1
56628,6,99.10406494,98.83624454,8.5027771,0.398704529,88,0,0,-1,0
56628,7,99.276754,98.7341763,6.777122498,0.443755341,52.5,0,0,-1,0
57048,1,99.79793167,99.63635805,1.763069153,0.327238083,19,0,0,-1,0
57048,2,99.55897522,99.54964638,0.741821289,0.429168701,84,0,0,-1,0
57048,3,99.74790001,98.80320104,6.904571533,0.322607676,17.5,1,1,0.928571429,0
57048,4,98.92682139,97.90527333,10.71141307,1.574620247,48,1,1,0.53125,0
57048,5,96.0324192,93.25895481,20.29411316,10.4691391,13,1,1,0.961538462,1
57048,6,95.10738373,92.97796044,45.35895157,8.462602234,13,1,1,0.96,1
57048,7,99.29873657,99.08834937,2.749710083,0.239387512,92,0,0,-1,0
57418,1,99.90505219,99.73149414,1.063453674,0.08234024,11.5,0,0,-1,0
57418,2,99.2837677,98.45090277,13.40872955,1.106526057,27,1,1,0.592592593,0
57418,3,99.49982071,98.10181936,14.61568451,0.583827972,83.5,0,0,-1,0
57418,4,99.36919403,97.94387727,17.34416962,1.02784729,86,0,0,-1,0
57418,5,99.74068069,97.81331031,13.36256409,1.243851662,57,1,1,0.416666667,0
57418,6,73.86141205,75.81980402,72.36591911,24.1330822,20,1,1,0.953488372,1
57418,7,99.60743713,97.95403812,19.53282928,0.397163391,86,0,0,-1,0
57418,8,99.45549011,98.06528058,17.82797241,0.609519958,86,0,0,-1,0
57418,9,49.90770117,53.54727303,89.38965511,22.9080596,23,1,1,0.953488372,1
57418,10,99.51831245,98.58070581,12.13913345,1.12115097,30.5,0,0,-1,0
57418,11,99.29270172,98.74711438,8.109737396,0.488613129,86,0,0,-1,0
57418,12,99.15290833,98.60001602,8.531990051,0.727302551,46,0,0,-1,0
57418,13,99.60697174,98.84033061,14.29136658,0.606121063,44,0,0,-1,0
57418,14,99.4244194,98.35296852,10.07056427,1.039535522,47,0,0,-1,0
57418,15,96.60282516,96.60282516,2.288780212,1.144390106,38.5,0,0,-1,0
57418,16,98.68775304,98.07490426,5.966894786,2.163403529,40,0,0,-1,0
57418,17,99.38059998,99.38059998,0.494689941,0.247344971,43,0,0,-1,0
57418,18,53.66423798,57.58921191,97.04108286,70.77342272,5.5,0,0,-1,1
57418,19,99.77064514,97.52898026,9.368103027,2.601554871,20.5,0,0,-1,0
57418,20,99.59880066,95.80479104,47.28421354,1.85095787,17,0,0,-1,0
57418,21,98.78527069,98.3177002,12.2148056,0.51341629,88,0,0,-1,0
57418,22,99.86162186,99.74754881,1.646492004,0.112564087,19,1,1,0.739130435,0
57418,23,98.81434631,98.60621156,3.63633728,0.717824936,84,1,1,0.416666667,0
57418,24,99.31569672,86.86507337,71.13848782,14.20326805,8,1,1,0.913043478,1
57418,25,98.83551788,98.73510289,1.251327515,0.532958984,77,0,0,-1,0
57418,26,98.72531891,98.58328114,1.759147644,0.781370163,88,1,1,0.475,0
57418,27,98.7569809,98.59112265,3.078323364,0.562767029,87,0,0,-1,0
57418,28,98.81847382,98.61463826,3.081680298,0.627929688,84,0,0,-1,0
57418,29,98.68543243,98.5650009,2.641906738,0.627521515,81.5,0,0,-1,0
57418,30,98.79288483,98.58309129,4.342510223,0.706890106,84,0,0,-1,0
57418,31,98.661129,98.46537318,2.630340576,0.570632935,84,0,0,-1,0
57418,32,98.49023819,98.29660152,3.35358429,0.798377991,86,1,1,0.404761905,0
57418,33,98.69887543,98.49270053,3.532310486,0.689025879,84,0,0,-1,0
57418,34,98.59835815,98.32663745,6.669448853,0.633686066,86,0,0,-1,0
57418,35,98.68058777,98.40486278,5.07232666,0.443847656,89,0,0,-1,0
57418,36,98.68824387,98.48349798,3.550201416,0.693189621,88.5,1,1,0.738095238,0
57418,37,98.62274551,98.37632656,3.309364319,0.78524971,83,0,0,-1,0
57418,38,98.85622025,93.53803349,35.14496613,9.085166931,12.5,1,1,0.884615385,1
57418,39,98.7366333,98.59940157,3.685127258,0.522211075,88,1,1,0.925,0
57418,40,99.42049408,99.24803877,1.430274963,0.424877167,81,0,0,-1,0
57418,41,99.57454936,99.47570771,1.582321167,0.3276577,42,0,0,-1,0
57418,42,99.21269226,99.03601579,2.455825806,0.90663147,42,0,0,-1,0
57418,43,98.88386281,98.54283907,8.046516418,0.740114848,51,0,0,-1,0
57418,44,99.01063283,98.72371091,6.477931976,0.698450724,49,0,0,-1,0
57418,45,99.13320923,97.81124105,14.45719528,1.477945328,47,0,0,-1,0
57418,46,99.16961924,97.66733492,17.63140869,1.128051758,46,0,0,-1,0
57418,47,99.80771637,99.41056061,1.901412964,0.671665192,20.5,0,0,-1,0
57418,48,99.83798599,99.72770844,1.131088257,0.081705093,18.5,0,0,-1,0
57418,49,98.4778862,97.29373105,12.33753967,1.228019714,93,1,0,0.958333333,0
57418,50,99.18364334,98.91701581,2.720916748,0.510185242,89,0,0,-1,0
57418,51,98.86487579,98.14809186,9.555137634,2.458532969,27.5,1,0,0.1,0
57418,52,98.32717133,97.01157282,11.07197952,2.395835876,100,1,1,0.949152542,0
57418,53,98.34554291,97.0906726,10.22677231,1.776779175,101,1,1,0.93442623,0
57418,54,98.41642761,97.1010364,8.861125946,2.494314194,101,1,1,0.872340426,0
57418,55,94.78939819,90.14407385,45.98084259,15.62124062,16,1,1,0.928571429,1
57418,56,99.48162079,96.46245944,37.88122686,2.519729614,15,1,1,0.904761905,1
57418,57,99.9462738,98.83390069,13.32684326,0.573486328,3,1,1,0.911764706,1
57418,58,99.14089966,98.78932688,3.116127014,0.809494019,52,0,0,-1,0
57418,59,98.50866699,98.26102956,5.911838531,1.017532349,92,1,1,0.755555556,0
57418,60,99.88171005,98.13439528,13.10673777,0.531130791,4,1,1,0.911764706,1
57418,61,99.39266205,97.09784327,30.97083282,2.300239563,6,1,1,0.837837838,1
57418,62,99.8615036,96.87639681,24.10121155,2.496898651,4,1,1,0.885714286,1
57418,63,99.72010803,97.46462645,24.11724091,0.695289612,4,1,1,0.837837838,1
57418,64,99.60372925,97.07050588,30.60858917,0.890304565,8,1,1,0.864864865,1
57418,65,99.57542801,98.29728774,13.01553853,1.048694611,8,1,1,0.911764706,1
57418,66,99.53862762,98.18077149,12.570961,1.302930832,8,1,1,0.861111111,1
57418,67,99.35087585,97.16095057,23.87428818,0.979013443,92.5,1,1,0.823529412,0
57418,68,99.26873779,98.94228142,2.65864563,0.717418671,97,1,1,0.684210526,0
57418,69,98.84149933,93.80157045,63.13293839,6.39361318,12,1,1,0.782608696,1
57418,70,99.4983139,92.6070682,48.1894455,8.907708486,14,1,1,0.761904762,1
57418,71,99.66150856,96.07611799,61.63621902,2.145277023,6,1,1,0.8125,1
57418,72,99.54977798,97.26921214,31.71399982,1.163976669,92,1,1,0.411764706,0
57418,73,99.03205109,96.06607031,22.44749641,4.278704961,41,1,1,0.782608696,1
57418,74,99.76620483,97.20965436,15.52919006,3.586414337,4,1,1,0.862068966,1
57418,75,99.06661224,98.96419824,1.542564392,0.547416687,94,1,1,0.782608696,0
57418,76,99.31603241,95.495986,54.90865326,5.718722026,7,1,1,0.903225806,1
57418,77,99.36453247,93.57623706,50.55813217,7.169598897,8,1,1,0.8,1
57418,78,96.35889053,93.52637813,28.60161591,7.744260152,14,1,1,0.789473684,1
57418,79,94.86566925,86.78264119,82.53337097,11.37102509,15,1,1,0.846153846,1
57418,80,99.67115021,95.39903587,30.49170494,1.991418839,5.5,1,1,0.894736842,1
57418,81,95.94046021,91.96458233,28.55880928,13.71990204,7,1,1,0.909090909,1
57418,82,99.59217072,94.13204373,36.16287231,0.658569336,49,1,1,0.764705882,0
57418,83,99.389328,94.18402706,52.77888489,6.611763954,10,1,1,0.818181818,1
57418,84,99.09207535,98.8562672,4.201099396,0.607948303,88,1,0,0.115384615,0
57418,85,99.46908569,98.70400238,6.763874054,1.307121277,41,1,1,0.769230769,1
57418,86,99.74818802,99.03250313,3.615322113,1.735879898,36,1,1,0.5,1
57418,87,98.6112175,77.39296535,81.44825745,51.43555069,14,1,1,0.705882353,1
57418,88,99.74075317,92.72906484,83.86936951,0.736091614,35,1,1,0.538461538,1
57418,89,99.40792084,99.00226924,6.937177531,0.733108521,68,1,1,0.073170732,0
57418,90,98.73098755,88.86850411,54.90220642,9.021116257,12.5,1,1,0.722222222,1
57418,91,97.71470642,96.41346359,11.64108658,5.525733948,14,1,1,0.705882353,1
57418,92,98.41941833,94.41847594,59.27756882,4.806772232,13,1,1,0.739130435,1
57418,93,98.19972229,94.10792702,60.50064468,3.743214199,23,1,1,0.914285714,1
57418,94,97.502194,95.76832697,37.57378387,3.400748117,22,1,1,0.885714286,1
57418,95,98.53351593,92.97088749,95.68213701,2.052034651,22,1,1,0.885714286,1
57418,96,99.84081078,80.49971533,77.59503746,19.53630304,42,1,1,0.25,1
57418,97,97.94651031,96.89475101,19.55272675,2.807940483,31.5,1,1,0.842105263,1
57418,98,96.55448859,95.35034642,20.02481461,3.485116959,24.5,1,1,0.882352941,1
57418,99,98.34034075,96.9005764,17.25665665,2.498396737,32,1,1,0.891891892,1
57418,100,98.5609436,97.92872409,9.688362122,0.866409302,93,0,0,-1,0
57418,101,99.2973175,99.09778527,2.367744446,0.374521255,89,0,0,-1,0
57418,102,99.17655945,99.08563741,1.717590332,0.858795166,35,0,0,-1,0
57418,103,99.61374664,98.57519252,6.108352661,1.526702881,21.5,0,0,-1,0
57418,104,99.21279907,98.65297337,5.502380371,0.606542587,42,0,0,-1,0
57418,105,99.64921951,99.03456633,3.489387512,0.439371109,79,0,0,-1,0
57418,106,99.01720047,98.58612131,5.765640259,1.18909359,35.5,0,0,-1,0
57418,107,99.5296936,99.16332035,3.152389526,0.461332321,83,0,0,-1,0
57418,108,99.26298523,98.70168191,5.519386292,0.589492798,43,0,0,-1,0
57418,109,99.38780975,98.91528835,3.377922058,0.575569153,79,0,0,-1,0
57418,110,99.10409164,98.44905693,5.694076538,0.565232277,42,0,0,-1,0
57418,111,99.20520782,98.84936015,2.921478271,0.763626099,80,0,0,-1,0
57418,112,98.94927216,98.43394591,5.941120148,0.625411034,61.5,0,0,-1,0
57418,113,99.45422363,98.95700796,3.969139099,0.235977173,82,0,0,-1,0
57418,114,98.88244247,98.38153595,5.680541992,0.735769272,52.5,0,0,-1,0
57418,115,99.68455124,99.38385344,2.203468323,0.339190483,34.5,0,0,-1,0
57418,116,99.11223602,98.66710723,5.266471863,0.698732376,39.5,0,0,-1,0
57418,117,99.35900879,99.05462601,2.750946045,0.442276001,78,0,0,-1,0
57418,118,99.06953812,98.49490487,5.854804993,0.933731079,35.5,0,0,-1,0
57418,119,99.46105194,99.1108549,2.862678528,0.591423035,81,0,0,-1,0
57418,120,99.27625847,98.89205618,4.011573792,0.849782944,40,0,0,-1,0
57418,121,99.14524841,98.93000582,3.1665802,0.504806519,81,0,0,-1,0
57418,122,99.04547882,98.58261744,5.718025208,0.680854797,61,0,0,-1,0
57418,123,99.49977112,99.20292483,3.080886841,0.340667725,79,0,0,-1,0
57418,124,99.22518921,98.21561081,16.87520218,0.586273193,44,0,0,-1,0
57418,125,99.46291351,99.29037741,2.83165741,0.095962524,80,0,0,-1,0
57418,126,98.86107254,98.5107189,5.842277527,0.617198944,39.5,0,0,-1,0
57418,127,99.44911575,99.13107224,2.723236084,0.487606049,78.5,0,0,-1,0
57418,128,99.03689194,98.52884393,5.885406494,0.840027809,43,0,0,-1,0
57418,129,99.43883514,99.25212201,2.992095947,0.176914215,77.5,0,0,-1,0
57418,130,99.05360031,98.48691428,5.728057861,0.990884781,39,0,0,-1,0
57418,131,99.40330505,99.12192383,2.913780212,0.570165634,76,0,0,-1,0
57418,132,99.12195206,98.81853806,3.847419739,0.663877487,39.5,0,0,-1,0
57418,133,99.59997177,97.70975614,23.83877563,0.908886909,80,0,0,-1,0
63707,1,99.82194519,97.70230785,36.619133,0.24823761,17,0,0,-1,0
63707,2,99.67446518,99.44825974,1.996643066,0.47010994,83.5,0,0,-1,0
63707,3,99.60528056,99.35773233,2.282051086,0.426569621,17,1,1,0.615384615,0
63707,4,99.08722687,98.46415159,14.90304565,0.683425903,82,1,1,0.088888889,0
63707,5,99.25351334,98.94168555,5.720230103,0.619268417,83,0,0,-1,0
63707,6,99.07137756,98.83097915,8.572052002,0.567434184,68,0,0,-1,0
63707,7,95.5692997,86.38594667,76.71074104,18.83051141,10,1,1,0.956521739,1
63707,8,99.76025772,99.44202328,2.607437134,0.199756622,81,0,0,-1,0
67792,1,99.68211746,95.52426556,53.25597763,1.302927017,17.5,0,0,-1,0
67792,2,99.50565338,99.32050476,1.316581726,0.600334167,88,0,0,-1,0
67792,3,99.44178772,98.45438807,16.06521225,0.492911021,18.5,1,1,0.636363636,0
67792,4,98.96096547,98.84196628,2.607192993,0.884651184,78,1,1,0.62962963,0
67792,5,94.49906921,89.21653609,55.35329056,13.64920521,15,1,1,0.960784314,1
67792,6,99.27373505,99.09688909,2.26889801,0.531152725,83.5,1,1,0.789473684,0
67792,7,97.86201096,91.92411246,43.48714447,13.51562818,39,1,1,0.977777778,1
67792,8,97.67303085,96.54743042,12.36099243,4.724120458,16,1,1,0.9,1
67792,9,99.15985107,98.93362342,1.934440613,0.638313293,86,1,1,0.066666667,0
68861,1,99.78410339,97.14769745,34.92382813,0.152133942,18,0,0,-1,0
68861,2,99.60386658,99.47288818,1.186019897,0.39838028,89,0,0,-1,0
68861,3,99.67398071,98.89459674,8.410331726,0.294590632,16,1,1,0.666666667,0
68861,4,99.26313782,98.79858551,4.430511475,1.001914978,86,1,1,0.142857143,0
68861,5,94.3445638,89.38571148,47.41866112,11.21497599,21,1,1,0.962264151,1
68861,6,99.59868622,99.61890581,0.237068176,0.136009216,81,0,0,-1,0
74718,1,99.77520752,96.87601852,39.49857712,0.1912117,18,0,0,-1,0
74718,2,99.73394012,99.55738068,1.268310547,0.378913879,41,0,0,-1,0
74718,3,99.34623146,97.42156462,29.7099247,1.216094971,27,1,1,0.576923077,0
74718,4,99.08699226,98.20439598,9.097389221,1.435748418,31,1,1,0.15625,0
74718,5,99.10762787,99.0036737,2.480690002,0.22234726,88,0,0,-1,0
74718,6,99.14533234,98.76436052,3.655967712,0.898954264,71,0,0,-1,0
74718,7,87.70389996,85.15090721,49.74254608,17.64745077,19,1,1,0.980769231,1
74718,8,99.18428802,98.65220652,12.59914398,0.72484684,74,1,1,0.275,0
74718,9,99.23168182,98.28006808,18.43915367,0.701881409,54,0,0,-1,0
74718,10,99.63370514,99.58890206,0.490089417,0.192029953,81.5,0,0,-1,0
74718,11,98.67896366,97.29158256,8.072822571,3.648759206,58,0,0,-1,0
74718,12,97.81759834,95.2805638,27.31862132,7.009244919,14,1,1,0.976190476,1
