DocID,PageNum,LineNum,NormedLineNum,Text,Words2Width,WordsWidth,Width,Height,Left,Top,ContainsNum,ContainsTab,ContainsPage,Centrality,Marginal
22701,14,15,1,6,1,0.011223152,0.011223152,0.011228388,0.487157464,0.899798512,1,0,0,0.984915666,2
67792,4,27,1,1,1,0.010310019,0.010310019,0.012297784,0.517602026,0.900610209,1,0,0,0.952525752,2
22701,13,23,1,5,1,0.010397751,0.010397751,0.011833061,0.484572351,0.901411772,1,0,0,0.97866174,2
22701,12,26,1,4,1,0.011253085,0.011253085,0.011272528,0.481722355,0.902097106,1,0,0,0.973608369,2
22701,10,27,1,3,1,0.010693284,0.010693284,0.011228088,0.486486316,0.902740717,1,0,0,0.982962846,2
22701,6,24,1,1,1,0.008593096,0.008593096,0.010953675,0.488765329,0.903495073,1,0,0,0.985526572,2
22701,7,24,1,2,1,0.011437047,0.011437047,0.01135494,0.485962659,0.904131532,1,0,0,0.982646219,2
68861,5,61,1,2,1,0.010154675,0.010154675,0.010040388,0.832938194,0.906426311,1,0,0,0.294845379,2
56628,6,45,1,6,1,0.010900288,0.010900288,0.015246262,0.911698103,0.912255108,1,0,0,0.129761696,2
56628,7,43,1,7,1,0.010929231,0.010929231,0.012128249,0.911851764,0.913854837,1,0,0,0.129410945,2
56628,4,16,1,4,1,0.011148367,0.011148367,0.011306328,0.911526561,0.91461885,1,0,0,0.129860794,2
56628,5,28,1,5,1,0.010712654,0.010712654,0.010708503,0.911613524,0.914851964,1,0,0,0.130133858,2
56628,3,14,1,3,1,0.010624645,0.010624645,0.010813732,0.911883652,0.914923608,1,0,0,0.129662127,2
56628,2,11,1,2,1,0.010446069,0.010446069,0.010584067,0.912058115,0.915155411,1,0,0,0.129484439,2
36198,12,8,1,Page 1 of 1,1,0.04779961,0.04779961,0.014914433,0.475600064,0.917729557,1,0,1,0.998957266,2
57418,59,45,1,"Mineral Exploration, BHP Billiton 	September 2008",0.523829246,0.39336428,0.750939898,0.014643566,0.12028987,0.920324206,1,1,0,0.991154916,2
57418,100,49,1,"Mineral Exploration, BHP Billiton 	September 2008",0.523915844,0.393563852,0.751196697,0.014536668,0.120088935,0.920352727,1,1,0,0.991003596,2
57418,49,48,1,"Mineral Exploration, BHP Billiton 	September 2008",0.523564667,0.393261492,0.751123056,0.014379382,0.120140418,0.920608789,1,1,0,0.991034184,2
57418,54,47,1,"Mineral Exploration, BHP Billiton 	September 2008",0.523361561,0.393064603,0.75103835,0.013988395,0.120324768,0.920926869,1,1,0,0.991330413,2
57418,84,26,1,"Mineral Exploration, BHP Billiton 	September 2008",0.523993152,0.393413082,0.750798136,0.013960557,0.120501056,0.921047777,1,1,0,0.991447616,2
57418,75,23,1,"Mineral Exploration, BHP Billiton 	September 2008",0.524058714,0.393489942,0.750850871,0.013914763,0.120527744,0.921082288,1,1,0,0.991558298,2
57418,53,61,1,"Mineral Exploration, BHP Billiton 	September 2008",0.523920206,0.393552959,0.751169652,0.013380688,0.120193064,0.921235561,1,1,0,0.991192615,2
57418,52,59,1,"Mineral Exploration, BHP Billiton 	September 2008",0.523934282,0.393527791,0.751101434,0.013441931,0.120253101,0.921325088,1,1,0,0.991246705,2
57418,101,28,1,"Mineral Exploration, BHP Billiton 	September 2008",0.523873169,0.393348709,0.750847213,0.013455711,0.120484643,0.921484441,1,1,0,0.991464566,2
57418,68,19,1,"Mineral Exploration, BHP Billiton 	September 2008",0.524046199,0.393510461,0.750907958,0.013394329,0.120563805,0.921523988,1,1,0,0.991693073,2
57418,58,23,1,"Mineral Exploration, BHP Billiton 	September 2008",0.523172316,0.392833889,0.750869028,0.013432606,0.120605864,0.921569943,1,1,0,0.991740207,2
57418,50,26,1,"Mineral Exploration, BHP Billiton 	September 2008",0.523537296,0.393173456,0.750994168,0.013190135,0.120483644,0.921705484,1,1,0,0.991615769,2
57418,89,39,1,"Mineral Exploration, BHP Billiton 	September 2008",0.523116867,0.392853394,0.750985906,0.012214408,0.120441645,0.922273457,1,1,0,0.991519534,2
57418,51,40,1,"Mineral Exploration, BHP Billiton 	September 2008",0.523509699,0.393017471,0.750735797,0.012359306,0.120405309,0.922344536,1,1,0,0.991182847,2
57418,72,34,1,"Mineral Exploration, BHP Billiton 	September 2008",0.52247644,0.392229423,0.750712171,0.011911112,0.12047413,0.92246294,1,1,0,0.991301775,2
57418,93,35,1,"Mineral Exploration, BHP Billiton 	September 2008",0.522064755,0.391758889,0.750402868,0.012013904,0.120673835,0.922475159,1,1,0,0.991395764,2
57418,95,35,1,"Mineral Exploration, BHP Billiton 	September 2008",0.522066973,0.391740561,0.750364572,0.011981194,0.120691657,0.922484517,1,1,0,0.991392997,2
57418,99,37,1,"Mineral Exploration, BHP Billiton 	September 2008",0.522307252,0.391941175,0.750403471,0.011998733,0.12066222,0.922494084,1,1,0,0.991372162,2
57418,94,35,1,"Mineral Exploration, BHP Billiton 	September 2008",0.521983294,0.391674057,0.750357457,0.011956279,0.120709993,0.922497541,1,1,0,0.991423827,2
57418,98,34,1,"Mineral Exploration, BHP Billiton 	September 2008",0.522042019,0.391709685,0.750341296,0.011948137,0.120703936,0.922507316,1,1,0,0.991394334,2
57418,55,41,1,"Mineral Exploration, BHP Billiton 	September 2008",0.522157056,0.39185223,0.750448979,0.011844439,0.120630227,0.922508031,1,1,0,0.991352888,2
57418,80,38,1,"Mineral Exploration, BHP Billiton 	September 2008",0.522082723,0.391733661,0.75032872,0.011947023,0.120658532,0.922510743,1,1,0,0.991286496,2
57418,67,34,1,"Mineral Exploration, BHP Billiton 	September 2008",0.522483727,0.392177731,0.750602767,0.011832191,0.120508477,0.922512323,1,1,0,0.991259311,2
57418,97,38,1,"Mineral Exploration, BHP Billiton 	September 2008",0.522219924,0.391868621,0.750390023,0.011919324,0.1206882,0.922518045,1,1,0,0.991412333,2
57418,73,22,1,"Mineral Exploration, BHP Billiton 	September 2008",0.522010639,0.391708538,0.750384204,0.011863787,0.120677136,0.922564447,1,1,0,0.991383182,2
57418,85,13,1,"Mineral Exploration, BHP Billiton 	September 2008",0.521928625,0.391635388,0.750361964,0.01191487,0.120778754,0.922571182,1,1,0,0.991571976,2
57418,82,17,1,"Mineral Exploration, BHP Billiton 	September 2008",0.522779839,0.392338172,0.750484511,0.01200416,0.12065351,0.922578394,1,1,0,0.991438523,2
57418,79,13,1,"Mineral Exploration, BHP Billiton 	September 2008",0.522446419,0.392110452,0.750527591,0.012361394,0.120584056,0.922614962,1,1,0,0.991338565,2
57418,78,19,1,"Mineral Exploration, BHP Billiton 	September 2008",0.5224099,0.391996756,0.750362419,0.01237072,0.120693021,0.92263633,1,1,0,0.991393596,2
57418,71,32,1,"Mineral Exploration, BHP Billiton 	September 2008",0.522476004,0.392049223,0.750367902,0.01230537,0.120728202,0.922643095,1,1,0,0.99147271,2
57418,76,31,1,"Mineral Exploration, BHP Billiton 	September 2008",0.522330474,0.391922459,0.750334278,0.012327292,0.120710731,0.922644436,1,1,0,0.991401189,2
57418,74,29,1,"Mineral Exploration, BHP Billiton 	September 2008",0.522392035,0.392017975,0.750428699,0.012324438,0.120660834,0.922647923,1,1,0,0.991395585,2
57418,91,17,1,"Mineral Exploration, BHP Billiton 	September 2008",0.522554537,0.392124161,0.750398539,0.012343995,0.120721094,0.922648072,1,1,0,0.991489839,2
57418,69,23,1,"Mineral Exploration, BHP Billiton 	September 2008",0.522454822,0.39204821,0.750396386,0.012312608,0.120680138,0.922653645,1,1,0,0.991402152,2
57418,90,18,1,"Mineral Exploration, BHP Billiton 	September 2008",0.522294095,0.391892657,0.75032948,0.012333347,0.120737702,0.9226574,1,1,0,0.99145245,2
57418,83,22,1,"Mineral Exploration, BHP Billiton 	September 2008",0.522369073,0.391957477,0.750345871,0.012288876,0.120674133,0.922661006,1,1,0,0.991336933,2
57418,66,35,1,"Mineral Exploration, BHP Billiton 	September 2008",0.521782735,0.391482085,0.750277959,0.012299245,0.1207963,0.922664016,1,1,0,0.991520956,2
57418,60,33,1,"Mineral Exploration, BHP Billiton 	September 2008",0.522162285,0.391763166,0.750270896,0.012223803,0.120709471,0.922667414,1,1,0,0.991332449,2
57418,70,21,1,"Mineral Exploration, BHP Billiton 	September 2008",0.522363805,0.391954482,0.750347704,0.012273842,0.12072745,0.922677279,1,1,0,0.991450072,2
57418,62,34,1,"Mineral Exploration, BHP Billiton 	September 2008",0.521881119,0.391522691,0.750214323,0.012232016,0.120781302,0.922678143,1,1,0,0.991423291,2
57418,56,21,1,"Mineral Exploration, BHP Billiton 	September 2008",0.522507973,0.392083898,0.750388354,0.012149685,0.120699689,0.922683239,1,1,0,0.99143456,2
57418,81,33,1,"Mineral Exploration, BHP Billiton 	September 2008",0.52224088,0.391812608,0.750252657,0.012246353,0.12074285,0.922683656,1,1,0,0.991383057,2
57418,77,31,1,"Mineral Exploration, BHP Billiton 	September 2008",0.52222146,0.391787365,0.75023222,0.0122657,0.120745286,0.922683924,1,1,0,0.991366823,2
57418,65,33,1,"Mineral Exploration, BHP Billiton 	September 2008",0.521724675,0.391376093,0.750158295,0.012218584,0.120810747,0.922685891,1,1,0,0.991426275,2
57418,57,33,1,"Mineral Exploration, BHP Billiton 	September 2008",0.52213231,0.391726971,0.750244647,0.012200559,0.120726138,0.922686458,1,1,0,0.99133984,2
57418,96,4,1,"Mineral Exploration, BHP Billiton 	September 2008",0.522107505,0.391887009,0.750586815,0.011912503,0.120627455,0.922688216,1,1,0,0.99149088,2
57418,61,36,1,"Mineral Exploration, BHP Billiton 	September 2008",0.521883144,0.391519517,0.750205331,0.012201881,0.120788701,0.922692418,1,1,0,0.991429345,2
57418,64,36,1,"Mineral Exploration, BHP Billiton 	September 2008",0.522046884,0.391628399,0.750178598,0.012185039,0.120789163,0.92269364,1,1,0,0.991402424,2
57418,63,36,1,"Mineral Exploration, BHP Billiton 	September 2008",0.522139097,0.391701505,0.750186123,0.012150868,0.12074516,0.922701269,1,1,0,0.991318476,2
57418,86,12,1,"Mineral Exploration, BHP Billiton 	September 2008",0.521988796,0.391653225,0.750309639,0.011959133,0.120749466,0.92272687,1,1,0,0.991456297,2
57418,88,13,1,"Mineral Exploration, BHP Billiton 	September 2008",0.522005379,0.391668841,0.750315718,0.011937001,0.120743386,0.922745496,1,1,0,0.991449955,2
57418,87,17,1,"Mineral Exploration, BHP Billiton 	September 2008",0.522141435,0.391753599,0.750282533,0.012212042,0.120716043,0.922747403,1,1,0,0.991358297,2
57418,92,24,1,"Mineral Exploration, BHP Billiton 	September 2008",0.521882537,0.39146924,0.750109866,0.012129571,0.120766118,0.922748685,1,1,0,0.991282657,2
30281,6,6,0.833333333,"BHP Burton No. 1 Completion Report 	Page No. 4",0.480289288,0.3350005,0.697497338,0.015801927,0.163029179,0.925693899,1,1,1,0.97543012,2
57418,17,2,1,EPC1163 Tartarus 12 Monthly Report - Year 1 Appendix 2,1,0.368818969,0.368818969,0.018625734,0.453737676,0.926270843,1,0,0,0.71180323,2
30281,3,35,0.971428571,"BHP Burton No. 1 Completion Report 	Page No. 1",0.478570775,0.332704291,0.695203945,0.015785912,0.161768824,0.926355362,1,1,1,0.98045162,2
57418,15,2,1,EPC1163 Tartarus 12 Monthly Report - Year 1 Appendix 1,1,0.3652367,0.3652367,0.018487796,0.453484356,0.926395774,1,0,0,0.716068294,2
30281,5,32,0.96875,"BHP Burton No. 1 Completion Report 	Page No. 3",0.480128305,0.334820665,0.697356649,0.016296403,0.161046922,0.926545769,1,1,1,0.979712179,2
39782,6,38,1,"CR 10980 	Page 2",0.136444192,0.105737697,0.774951983,0.011764335,0.154441044,0.927197069,1,1,1,0.912554885,2
39782,4,29,1,"CR 10980 	Page 1",0.135616889,0.104998361,0.774227768,0.011597306,0.154494077,0.927221715,1,1,1,0.913199664,2
30281,4,40,0.975,"BHP Burton No. 1 Completion Report 	Page No. 2",0.480250812,0.334675528,0.696876548,0.015714612,0.162430421,0.927363545,1,1,1,0.977326761,2
39782,11,39,1,"CR 10980 	Page 4",0.136604887,0.105854377,0.774894513,0.011591878,0.154508114,0.927383512,1,1,1,0.912474912,2
37838,4,30,1,"CR 10861 	Page 1",0.136744395,0.10524964,0.769681562,0.011988919,0.154355645,0.927479088,1,1,1,0.918230517,2
39782,8,35,1,"CR 10980 	Page 3",0.13671539,0.105943345,0.774918936,0.011053558,0.154379129,0.927696556,1,1,1,0.912718519,2
67792,8,20,1,4,1,0.010881289,0.010881289,0.010259335,0.517181635,0.927970648,1,0,0,0.952806876,2
57418,47,4,1,"EPC1163 Tartarus 12 Monthly Report - Year 1 	Appendix 4",0.83856291,0.351541363,0.419218831,0.015664641,0.417556763,0.929126143,1,1,0,0.734711341,2
57418,118,37,0.972972973,"APRIL, 2009 	16",0.15439715,0.107828077,0.698381264,0.013293972,0.150403157,0.929873437,1,1,0,0.999153199,2
57418,122,38,0.973684211,"APRIL, 2009 	20",0.156043733,0.108963221,0.698286429,0.013188604,0.150369793,0.929933876,1,1,0,0.998984677,2
57418,112,37,0.972972973,"APRIL, 2009 	10",0.154686174,0.108041175,0.698453985,0.013176077,0.150270194,0.92994678,1,1,0,0.998951671,2
57418,128,37,0.972972973,"APRIL, 2009 	26",0.156114189,0.109028185,0.698387416,0.013280888,0.150391012,0.92995286,1,1,0,0.999134281,2
57418,126,37,0.972972973,"APRIL, 2009 	24",0.156326215,0.109187977,0.698462361,0.013286038,0.150415897,0.929965615,1,1,0,0.999264369,2
57418,130,37,0.972972973,"APRIL, 2009 	28",0.156032695,0.108953094,0.698270923,0.013200297,0.150410801,0.929975033,1,1,0,0.999054052,2
57418,129,21,0.952380952,"APRIL, 2009 	27",0.156566001,0.109402834,0.698764948,0.01324797,0.150071368,0.93002826,1,1,0,0.998861247,2
57418,125,22,0.954545455,"APRIL, 2009 	23",0.15659248,0.109412616,0.698709263,0.013218252,0.150043234,0.930068225,1,1,0,0.998744471,2
57418,114,35,0.971428571,"APRIL, 2009 	12",0.154389042,0.107797856,0.698222192,0.012812372,0.150345936,0.930093229,1,1,0,0.998867903,2
57418,119,18,0.944444444,"APRIL, 2009 	17",0.155285177,0.108504187,0.698741432,0.013012459,0.15004386,0.930175006,1,1,0,0.998779333,2
57418,124,36,0.972222222,"APRIL, 2009 	22",0.156041552,0.108950784,0.698216489,0.012487222,0.150383815,0.930236429,1,1,0,0.998940975,2
57418,111,20,0.95,"APRIL, 2009 	9",0.144950381,0.101286289,0.698765253,0.013162994,0.150033072,0.930242836,1,1,0,0.998781673,2
57418,19,4,1,"EPC1163 Tartarus 12 Monthly Report - Year 1 	I 	Appendix 3",0.840722882,0.356080881,0.423541322,0.014072884,0.417536914,0.930252254,1,1,0,0.730244039,2
57418,121,26,0.961538462,"APRIL, 2009 	19",0.154495448,0.107897606,0.698386956,0.012485552,0.150164425,0.930254608,1,1,0,0.998661104,2
57418,106,37,0.972972973,"APRIL, 2009 	4",0.144647657,0.101057914,0.698648815,0.012591198,0.150405556,0.930284619,1,1,0,0.999437282,2
57418,131,19,0.947368421,"APRIL, 2009 	29",0.156284123,0.109163234,0.698492156,0.012953094,0.150121883,0.930290848,1,1,0,0.998682085,2
57418,109,19,0.947368421,"APRIL, 2009 	7",0.144605004,0.10106841,0.698927472,0.013065838,0.150029093,0.930291682,1,1,0,0.998942581,2
57418,127,19,0.947368421,"APRIL, 2009 	25",0.156389644,0.109259376,0.698635625,0.012922541,0.150027618,0.930329055,1,1,0,0.998635083,2
57418,132,37,0.972972973,"APRIL, 2009 	30",0.156041487,0.108972853,0.698358206,0.012430154,0.150284529,0.930335015,1,1,0,0.998881671,2
57418,110,37,0.972972973,"APRIL, 2009 	8",0.144645013,0.101049679,0.698604654,0.012400159,0.150362402,0.930374116,1,1,0,0.999301192,2
57418,120,33,0.96969697,"APRIL, 2009 	18",0.154621619,0.108000997,0.698485751,0.012304743,0.150288612,0.930377781,1,1,0,0.999023228,2
57418,107,19,0.947368421,"APRIL, 2009 	5",0.144346061,0.100840548,0.698602701,0.01295198,0.150027275,0.930418551,1,1,0,0.998600025,2
57418,113,18,0.944444444,"APRIL, 2009 	11",0.154142816,0.107575301,0.697893705,0.013164107,0.150019094,0.930428565,1,1,0,0.997843419,2
57418,117,24,0.958333333,"APRIL, 2009 	15",0.154919925,0.108209422,0.698486147,0.012200837,0.150098056,0.930446982,1,1,0,0.998626111,2
57418,108,36,0.972222222,"APRIL, 2009 	6",0.144778866,0.101177754,0.698843392,0.012294722,0.150273249,0.930511147,1,1,0,0.999364226,2
57418,18,16,1,EPC1163 Tartarus 12 Monthly Report - Year 1 Appendix 2,1,0.367242664,0.367242664,0.010911026,0.336562067,0.930530906,1,0,0,0.957894776,2
57418,104,38,0.973684211,"APRIL, 2009 	2",0.144699671,0.101068705,0.698472254,0.012230415,0.150290698,0.930535227,1,1,0,0.999013501,2
57418,123,18,0.944444444,"APRIL, 2009 	21",0.1552576,0.108291995,0.697498832,0.012723708,0.150038078,0.930559844,1,1,0,0.997471138,2
57418,116,37,0.972972973,"APRIL, 2009 	14",0.154819623,0.108142607,0.698507108,0.012335643,0.150389031,0.930696249,1,1,0,0.999254995,2
57418,105,13,0.923076923,"APRIL, 2009 	3",0.144729998,0.101121483,0.698690562,0.012285187,0.150097281,0.930822402,1,1,0,0.998837715,2
57418,102,3,1,EPC1163 Tartarus 12 Monthly Report - Year 1 Appendix 2,1,0.367405117,0.367405117,0.010539526,0.44395411,0.930845201,1,0,0,0.733688099,2
57418,16,24,1,EPC1163 Tartarus 12 Monthly Report - Year 1 Appendix 1,1,0.364174515,0.364174515,0.010405207,0.454111993,0.931042552,1,0,0,0.715866886,2
57418,133,15,0.933333333,"APRIL, 2009 	31",0.155410718,0.108420266,0.69763699,0.012293817,0.150127336,0.931197613,1,1,0,0.997801455,2
57418,115,7,0.857142857,"APRIL, 2009 	13",0.154756472,0.108067667,0.6983079,0.011255593,0.150421366,0.931389213,1,1,0,0.999114662,2
57418,21,40,1,"South Cockenzie Final Report 	(i)",0.750213866,0.264040282,0.351953348,0.01743963,0.125466853,0.932879329,0,1,0,0.585779604,2
43505,14,8,1,Page 9,1,0.038469166,0.038469166,0.019268207,0.501663089,0.93347472,1,0,1,0.956404688,2
43505,13,8,1,Page 8,1,0.038518995,0.038518995,0.019285731,0.501687288,0.933477759,1,0,1,0.956302228,2
57418,33,41,1,"South Cockenzie Final Report 	(11)",0.761742605,0.279712263,0.367200498,0.016040763,0.125473768,0.933494568,0,1,0,0.601698042,2
57418,25,37,1,"South Cockenzie Final Report 	(3)",0.753438044,0.268415397,0.356254106,0.016240779,0.12545307,0.933509946,0,1,0,0.590236889,2
57418,29,42,1,"South Cockenzie Final Report 	(7)",0.754381363,0.269100232,0.356716437,0.016190253,0.125399485,0.933523476,0,1,0,0.590607351,2
57418,31,42,1,"South Cockenzie Final Report 	(9)",0.75308488,0.268343557,0.356325779,0.016008401,0.125479087,0.933535486,0,1,0,0.590365926,2
57418,27,43,1,"South Cockenzie Final Report 	(5)",0.753931991,0.268740078,0.356451353,0.016030045,0.12545678,0.933562696,0,1,0,0.590450374,2
57418,34,43,1,"South Cockenzie Final Report 	(12)",0.761957874,0.279763013,0.36716336,0.015958084,0.125424057,0.933596253,0,1,0,0.601555601,2
57418,39,40,1,"South Cockenzie Final Report 	(17)",0.761635127,0.279775713,0.367335621,0.015999909,0.125407845,0.933615625,0,1,0,0.601701461,2
57418,37,40,1,"South Cockenzie Final Report 	(15)",0.762341387,0.279803053,0.367031172,0.016004156,0.125398546,0.933615863,0,1,0,0.601364498,2
57418,26,40,1,"South Cockenzie Final Report 	(4)",0.754170038,0.268801173,0.356419852,0.015906444,0.125427216,0.933683932,0,1,0,0.59035584,2
57418,32,42,1,"South Cockenzie Final Report 	(10)",0.761874947,0.279565066,0.366943508,0.01581924,0.125424206,0.933713526,0,1,0,0.601326588,2
57418,35,43,1,"South Cockenzie Final Report 	(13)",0.762241618,0.279939972,0.367258839,0.015778041,0.125405312,0.933744252,0,1,0,0.601616087,2
57418,23,36,1,"South Cockenzie Final Report 	(1)",0.752972022,0.26847777,0.356557431,0.01583156,0.125439227,0.933785558,0,1,0,0.590524402,2
57418,36,42,1,"South Cockenzie Final Report 	(14)",0.761323835,0.27964583,0.367315218,0.015725078,0.125381887,0.933843821,0,1,0,0.601626026,2
57418,44,57,1,"South Cockenzie Final Report 	(22)",0.759699121,0.278736837,0.366904251,0.015733568,0.1252525,0.933995128,0,1,0,0.600927433,2
57418,43,55,1,"South Cockenzie Final Report 	(21)",0.759922369,0.278811764,0.366895061,0.015754865,0.125270039,0.934068441,0,1,0,0.600954435,2
57418,28,41,1,"South Cockenzie Final Report 	(6)",0.752581024,0.268245673,0.356434276,0.015470081,0.125350416,0.934152454,0,1,0,0.590210668,2
57418,40,16,1,"South Cockenzie Final Report 	(18)",0.760271911,0.278898157,0.366840012,0.015053831,0.125199229,0.934393346,0,1,0,0.600749293,2
57418,45,50,1,"South Cockenzie Final Report 	(23)",0.759756563,0.278752275,0.36689683,0.015184948,0.12531361,0.934483558,0,1,0,0.601047177,2
57418,42,37,1,"South Cockenzie Final Report 	(20)",0.759370351,0.278508093,0.366761874,0.014866341,0.125433549,0.93448779,0,1,0,0.60115662,2
57418,46,45,1,"South Cockenzie Final Report 	(24)",0.759597865,0.278461531,0.366590723,0.015037545,0.125624731,0.934601277,0,1,0,0.601376932,2
57418,30,43,1,"South Cockenzie Final Report 	(8)",0.753461296,0.26871773,0.356644372,0.01476842,0.125175729,0.93462801,0,1,0,0.59006539,2
67792,5,54,1,2,1,0.010376469,0.010376469,0.010231079,0.551228702,0.93467164,1,0,0,0.882305738,2
57418,41,34,1,"South Cockenzie Final Report 	(19)",0.759114093,0.278115626,0.366368677,0.014611621,0.125608116,0.93472752,0,1,0,0.601110659,2
57418,22,23,1,"South Cockenzie Final Report 	(ii)",0.751282389,0.268261744,0.357071785,0.014056042,0.125321001,0.935211092,0,1,0,0.590814277,2
57418,24,23,1,"South Cockenzie Final Report 	(2)",0.750302754,0.267229039,0.356161613,0.013906759,0.125565827,0.935301065,0,1,0,0.59037564,2
57418,38,26,1,"South Cockenzie Final Report 	(16)",0.761509147,0.27915331,0.366579063,0.014287377,0.125629559,0.935318857,0,1,0,0.601374842,2
42781,9,42,1,"CR 11052 	Page 4",0.153810254,0.119249377,0.77530187,0.012912172,0.15446566,0.940254569,1,1,1,0.91213857,2
42781,6,25,1,"CR 11052 	Page 2",0.152981357,0.11855156,0.774941221,0.012893938,0.15454635,0.940270633,1,1,1,0.912346424,2
42781,7,45,1,"CR 11052 	Page 3",0.153132897,0.118672337,0.774963055,0.012663995,0.154476196,0.940333992,1,1,1,0.912470004,2
36198,4,38,1,"CR 10778 	Page 1",0.137251715,0.105613254,0.769485861,0.011944517,0.155126199,0.940555692,1,1,1,0.916827148,2
42781,4,40,1,"CR 11052 	Page 1",0.152234251,0.117887855,0.774384566,0.011253852,0.154347226,0.941172838,1,1,1,0.913342466,2
42781,10,7,1,"CR 11052 	Page 5",0.153124427,0.118674103,0.775017451,0.011233461,0.154285237,0.941440135,1,1,1,0.912811634,2
38865,4,26,1,"CR 10911 	Page 1",0.135362201,0.104818318,0.774354417,0.010957376,0.154344901,0.941726029,1,1,1,0.913378763,2
37414,4,26,1,"CR 10819 	Page 1",0.135462673,0.104871321,0.774171356,0.010297125,0.15480639,0.942322016,1,1,1,0.91260697,2
36198,14,32,1,Page 1 of 1,1,0.067323551,0.067323551,0.010108591,0.464881539,0.942419767,1,0,1,0.99696174,2
36198,7,37,1,"CR 10778 	Page 3",0.137540634,0.105868604,0.769726012,0.012824064,0.155176222,0.943105251,1,1,1,0.916472295,2
37414,6,41,1,"CR 10819 	Page 2",0.135854991,0.105218973,0.774494719,0.012747648,0.155153781,0.943577886,1,1,1,0.911544963,2
36198,6,40,1,"CR 10778 	Page 2",0.138255732,0.106511809,0.770397056,0.011838037,0.154907122,0.943699956,1,1,1,0.916333728,2
37414,8,40,1,"CR 10819 	Page 3",0.13566005,0.105054226,0.774393242,0.011848754,0.154911682,0.943751305,1,1,1,0.91215587,2
57418,118,38,1,Bm090401t.doc,1,0.108784571,0.108784571,0.012479567,0.150157765,0.943986833,0,0,0,0.383644089,2
57418,122,39,1,Bm090401t.doc,1,0.108955555,0.108955555,0.012441707,0.150122643,0.943995357,0,0,0,0.383749168,2
57418,112,38,1,Bm090401t.doc,1,0.108879842,0.108879842,0.012495156,0.150107294,0.944011509,0,0,0,0.383638175,2
57418,106,38,1,Bm090401t.doc,1,0.108833387,0.108833387,0.012418323,0.150146782,0.944019377,0,0,0,0.383672098,2
57418,130,38,1,Bm090401t.doc,1,0.108853109,0.108853109,0.01239466,0.150148138,0.944023967,0,0,0,0.383695498,2
57418,126,38,1,Bm090401t.doc,1,0.108843379,0.108843379,0.012419158,0.150160432,0.944029987,0,0,0,0.383710994,2
37414,9,28,1,"CR 10819 	Page 4",0.136067324,0.105434883,0.77487291,0.01141441,0.154907614,0.944061458,1,1,1,0.911664023,2
57418,114,36,1,Bm090401t.doc,1,0.108854555,0.108854555,0.012311564,0.150140092,0.944071591,0,0,0,0.383680219,2
57418,110,38,1,Bm090401t.doc,1,0.10893926,0.10893926,0.012275792,0.15012908,0.944097459,0,0,0,0.383745601,2
57418,124,37,1,Bm090401t.doc,1,0.108930603,0.108930603,0.012279967,0.150132537,0.944099247,0,0,0,0.383743783,2
57418,116,38,1,Bm090401t.doc,1,0.10896188,0.10896188,0.012206336,0.150115922,0.944141507,0,0,0,0.383741746,2
57418,104,39,1,Bm090401t.doc,1,0.108859785,0.108859785,0.012209676,0.150159582,0.944149196,0,0,0,0.383726335,2
57418,108,37,1,Bm090401t.doc,1,0.108847782,0.108847782,0.012181003,0.150175825,0.944167376,0,0,0,0.3837477,2
57418,120,34,1,Bm090401t.doc,1,0.108818732,0.108818732,0.01207647,0.150153339,0.944207668,0,0,0,0.383670489,2
57418,132,38,1,Bm090401t.doc,1,0.10887745,0.10887745,0.012133677,0.150124401,0.944215596,0,0,0,0.383671367,2
57418,121,27,1,Bm090401t.doc,1,0.108717799,0.108717799,0.012240855,0.150233403,0.944217205,0,0,0,0.383732234,2
57418,117,25,1,Bm090401t.doc,1,0.108709596,0.108709596,0.012061995,0.150209665,0.944307029,0,0,0,0.383674157,2
57418,129,22,1,Bm090401t.doc,1,0.10864713,0.10864713,0.011923639,0.150250852,0.94435221,0,0,0,0.383694923,2
57418,125,23,1,Bm090401t.doc,1,0.108636558,0.108636558,0.011893296,0.150262371,0.944360316,0,0,0,0.383707925,2
57418,111,21,1,Bm090401t.doc,1,0.108686395,0.108686395,0.011903317,0.15027386,0.944366693,0,0,0,0.383783876,2
57418,113,19,1,Bm090401t.doc,1,0.108905561,0.108905561,0.011908467,0.150222942,0.944417417,0,0,0,0.383906263,2
57418,119,19,1,Bm090401t.doc,1,0.108920783,0.108920783,0.011836366,0.150204793,0.944435179,0,0,0,0.383884277,2
57418,109,20,1,Bm090401t.doc,1,0.1088982,0.1088982,0.011834557,0.150225863,0.944439232,0,0,0,0.383904677,2
57418,107,20,1,Bm090401t.doc,1,0.108929053,0.108929053,0.01180825,0.150209516,0.944444597,0,0,0,0.383902758,2
57418,131,20,1,Bm090401t.doc,1,0.108801961,0.108801961,0.011704274,0.150244638,0.944468021,0,0,0,0.383843461,2
37838,6,22,1,"CR 10861 	Page 2",0.135940357,0.104636494,0.769723549,0.011236663,0.154617742,0.944479972,1,1,1,0.917639945,2
57418,127,20,1,Bm090401t.doc,1,0.108884297,0.108884297,0.011728075,0.150233224,0.944489717,0,0,0,0.383905532,2
57418,123,19,1,Bm090401t.doc,1,0.109129407,0.109129407,0.011614636,0.150173113,0.944526017,0,0,0,0.384035799,2
57418,133,16,1,Bm090401t.doc,1,0.109337822,0.109337822,0.011217246,0.150132373,0.944683433,0,0,0,0.384168203,2
57418,105,14,1,Bm090401t.doc,1,0.109489061,0.109489061,0.011183005,0.150071949,0.94469595,0,0,0,0.384199903,2
36198,9,27,1,"CR 10778 	Page 4",0.13852576,0.106724288,0.770429187,0.010458238,0.155044526,0.945063561,1,1,1,0.916013567,2
57418,103,26,1,Bm090401t.doe,1,0.103771038,0.103771038,0.009829931,0.150820807,0.945223153,0,0,0,0.379797781,2
37414,10,11,1,"CR 10819 	Page 5",0.13637408,0.105681267,0.774936605,0.010434715,0.154666141,0.945282042,1,1,1,0.912101337,2
57418,115,8,1,Bm090401t.doc,1,0.108403444,0.108403444,0.009811698,0.150499716,0.945365548,0,0,0,0.38395991,2
63707,4,45,1,1,1,0.009548261,0.009548261,0.014759512,0.91900003,0.950468123,1,0,0,0.115938966,2
63707,5,40,1,2,1,0.011060161,0.011060161,0.014688386,0.918071508,0.95058322,1,0,0,0.116298977,2
43505,10,41,1,Page 6,1,0.055012412,0.055012412,0.015757788,0.532220423,0.951088369,1,0,1,0.875401182,2
63707,6,46,1,3,1,0.011526193,0.011526193,0.013783089,0.917936385,0.951165497,1,0,0,0.116094757,2
43505,15,15,1,Page 10,1,0.064908825,0.064908825,0.015145697,0.526991189,0.951318324,1,0,1,0.875987453,2
43505,7,19,1,Page 3,1,0.055016894,0.055016894,0.015121059,0.532158494,0.951535761,1,0,1,0.875525702,2
43505,8,35,1,Page 4,1,0.055355687,0.055355687,0.014146515,0.53205061,0.952334285,1,0,1,0.875397378,2
43505,5,44,1,Page 1,1,0.05419331,0.05419331,0.014205811,0.531834066,0.952340722,1,0,1,0.877061576,2
43505,11,30,1,Page 7,1,0.055026393,0.055026393,0.01400301,0.532075644,0.952424586,1,0,1,0.875688633,2
63707,8,8,1,5,1,0.010712458,0.010712458,0.011348363,0.918323934,0.952672005,1,0,0,0.116135059,2
43505,6,7,1,Page 2,1,0.054693654,0.054693654,0.0136297,0.532102585,0.95270139,1,0,1,0.875979503,2
63707,7,45,1,4,1,0.011182625,0.011182625,0.010617751,0.917982996,0.952982843,1,0,0,0.11635589,2
57418,6,53,1,"EPC1163 Tartarus 12 Monthly Report - Year 1 	2",0.421843515,0.322172441,0.763725005,0.017231507,0.119806603,0.961801529,1,1,0,0.996518598,2
57418,11,38,1,"EPC1163 Tartarus 12 Monthly Report Year 1 	7",0.421607729,0.322603595,0.765174766,0.012460358,0.118918292,0.962786824,1,1,0,0.996859539,2
57418,12,45,1,"EPC1163 Tartarus 12 Monthly Report Year 1 	8",0.421242331,0.322055738,0.764537927,0.012471216,0.119172677,0.962989688,1,1,0,0.996993125,2
57418,8,23,1,"EPC1163 Tartarus 12 Monthly Report - Year 1 	4",0.421353855,0.322164451,0.764593576,0.011876035,0.119051248,0.963497579,1,1,0,0.9971884,2
57418,7,19,1,"EPC1163 Tartarus 12 Monthly Report - Year 1 	3",0.421210897,0.322099875,0.764699767,0.011874366,0.119006813,0.963534594,1,1,0,0.997170333,2
57418,13,44,1,"EPC1163 Tartarus 12 Monthly Report - Year 1 	9",0.420743804,0.321672295,0.764532459,0.012004787,0.119148307,0.963546962,1,1,0,0.99704967,2
57418,10,30,1,"EPC1163 Tartarus 12 Monthly Report - Year 1 	6",0.420915384,0.321796701,0.764516369,0.011923918,0.119049937,0.963562936,1,1,0,0.997271669,2
57418,14,19,1,"EPC1163 Tartarus 12 Monthly Report - Year 1 	10",0.430688662,0.329288103,0.76456181,0.011620481,0.119224608,0.963747472,1,1,0,0.996859878,2
57418,9,64,1,"EPC1163 Tartarus 12 Monthly Report - Year 1 	5",0.419608823,0.320172186,0.763025391,0.011422831,0.12063808,0.963803738,1,1,0,0.995513755,2
57418,5,12,1,"EPC1163 Tartarus 12 Monthly Report - Year 1 	1",0.419283499,0.320120606,0.763494405,0.011421021,0.119126916,0.963880092,1,1,0,0.998177069,2
57418,103,25,0.96,"APRIL, 2009 	1",0.142181205,0.099203759,0.697727659,0.011386502,0.150180101,0.931620955,1,1,0,0.998006107,2
30540,5,1,0,"EPM 10628 	1 	September 1998",0.261201012,0.199750348,0.764738031,0.013161196,0.10240113,0.026004441,1,1,0,0.968228674,1
21838,25,2,0.111111111,Page 16,1,0.086105309,0.086105309,0.013503351,0.775057375,0.029019948,1,0,1,0.336371485,1
21838,21,1,0,"C.R 7005 	Page 13",0.261263596,0.190045156,0.727407716,0.013296558,0.135198101,0.030761609,1,1,1,0.997709931,1
21838,13,1,0,"C.R. 7005 	Page 7",0.245424855,0.179002628,0.729358189,0.012455296,0.13369213,0.031064319,1,1,1,0.996602732,1
21838,23,1,0,"C.R 7005 	Page 14",0.263178786,0.191512085,0.727688156,0.012763752,0.124554887,0.031201134,1,1,1,0.975798981,1
21838,15,1,0,"C.R. 7005 	Page 9",0.244848034,0.178279556,0.728123292,0.012416192,0.132758498,0.031643366,1,1,1,0.993366927,1
21838,8,1,0,"C.R. 7005 	Page 3",0.245803749,0.179623321,0.730759077,0.012726216,0.129783154,0.032046918,1,1,1,0.989909212,1
26525,23,1,0,"EPMs 9348, 9913, 9914, 9941 & 10416 	16 	February 1995",0.510423787,0.391176542,0.766376004,0.01612553,0.124687679,0.032535637,1,1,0,0.983570673,1
26525,22,1,0,"EPMs 9348, 9913, 9914, 9941 & 10416 	15 	February 1995",0.50985617,0.390248319,0.765408643,0.015275813,0.125809744,0.032604676,1,1,0,0.9822389,1
26525,21,1,0,"EPMs 9348, 9913, 9914, 9941 & 10416 	14 	February 1995",0.512737385,0.393101301,0.766671814,0.015684463,0.12612313,0.033282369,1,1,0,0.980267535,1
26525,19,1,0,"EPMs 9348, 9913, 9914, 9941 & 10416 	12 	February 1995",0.510051654,0.390389957,0.765392981,0.015695468,0.124825828,0.033389426,1,1,0,0.984307845,1
33054,6,1,0,"CR 10352 - EPM 11217 South Palmer River 	1 	November 2001",0.466048372,0.356985564,0.765983932,0.009721001,0.113006145,0.033607097,1,1,0,0.991652031,1
21838,7,1,0,"C.R. 7005 	Page 2",0.246549166,0.179824486,0.729365624,0.011929495,0.142377108,0.033735609,1,1,1,0.985272482,1
33054,9,1,0,"CR 10352 - EPM 11217 South Palmer River 	4 	November 2001",0.469918271,0.359873229,0.765820891,0.009400504,0.117615663,0.03373604,1,1,0,0.998903075,1
30392,8,1,0,"Urandangi Project Annual Report 	3 	September 1998",0.507647933,0.377553278,0.743730552,0.015265091,0.093134589,0.03376289,1,1,0,0.926984663,1
26114,6,1,0,"EPM 9526 	1 	July 1994",0.194914433,0.148001445,0.759314962,0.012590569,0.124468587,0.033809073,1,1,0,0.991392974,1
26114,10,1,0,"EPM 9526 	4 	July 1994",0.197451247,0.149940625,0.75938049,0.013025705,0.125927985,0.03382974,1,1,0,0.988280083,1
21838,24,1,0,"C. R. 7005 	Page 15",0.262195651,0.190635517,0.727073528,0.012335469,0.139128253,0.03383868,1,1,1,0.994440964,1
26114,17,1,0,"EPM 9526 	7 	July 1994",0.19889419,0.151329839,0.760856003,0.012294432,0.124370806,0.033857613,1,1,0,0.989989531,1
26114,5,1,0,"EPM 9526 	July 1994",0.181524618,0.137961894,0.760017544,0.012378238,0.124727368,0.033869868,1,1,0,0.990120264,1
26525,24,1,0,"EPMs 9348, 9913, 9914, 9941 & 10416 	February 1995",0.48253223,0.369047411,0.764814012,0.012204792,0.125711635,0.033878628,1,1,0,0.98306382,1
21838,17,1,0,"C.R. 7005 	Page 10",0.261831438,0.190706931,0.72835765,0.013003773,0.124270543,0.033893022,1,1,1,0.975904131,1
26525,20,1,0,"EPMs 9348, 9913, 9914, 9941 & 10416 	13 	February 1995",0.510273738,0.390921777,0.76610209,0.012316989,0.124595582,0.034060263,1,1,0,0.984048516,1
26525,12,1,0,"EPMs 9348, 9913, 9914, 9941 & 10416 	6 	February 1995",0.496644766,0.379760439,0.764652051,0.012087254,0.114212334,0.03408173,1,1,0,0.992779078,1
21838,18,1,0,"C.R. 7005 	Page 11",0.260539835,0.18917045,0.726071119,0.012650549,0.134283379,0.034109512,1,1,1,0.994407492,1
33054,8,1,0,"CR 10352 -- EPM 11217 South Palmer River 	3 	November 2001",0.469355021,0.359469936,0.765880667,0.008438317,0.11717733,0.03414029,1,1,0,0.999755157,1
26114,3,1,0,"EPM 9526 	July 1994",0.182434989,0.138555065,0.759476379,0.01223758,0.124357991,0.034142656,1,1,0,0.991455325,1
26525,13,1,0,"EPMs 9348, 9913, 9914, 9941 & 10416 	7 	February 1995",0.49742977,0.380264909,0.764459491,0.012047904,0.117655829,0.034189132,1,1,0,0.99976191,1
33054,5,1,0,"CR 10352 - EPM 11217 South Palmer River 	November 2001",0.482677339,0.369632162,0.765795559,0.012004565,0.11376781,0.034245227,1,1,0,0.9930445,1
26114,4,1,0,"EPM 9526 	July 1994",0.182134281,0.138402626,0.759893335,0.012688412,0.125176474,0.03427157,1,1,0,0.989312916,1
26525,26,1,0,"EPMs 9348, 9913, 9914, 9941 & 10416 	February 1995",0.481880428,0.368486688,0.764684901,0.011971767,0.119643718,0.034385247,1,1,0,0.995857152,1
26525,25,1,0,"EPMs 9348, 9913, 9914, 9941 & 10416 	February 1995",0.483016609,0.369728886,0.765457913,0.012136087,0.122260816,0.03442955,1,1,0,0.989591146,1
30540,10,1,0,"EPM 10628 	5 	September 1998",0.267355247,0.204432218,0.764646366,0.012490668,0.120625831,0.034462211,1,1,0,0.993848499,1
26114,16,1,0,"EPM 9526 	6 	July 1994",0.19700969,0.149719791,0.75996156,0.012309952,0.125366062,0.034499617,1,1,0,0.988846242,1
26525,4,1,0,"EPMs 9348, 9913, 9914, 9941 & 10416 	February 1995",0.482215782,0.369575918,0.766411908,0.012021497,0.117814861,0.034543945,1,1,0,0.997871036,1
26525,9,1,0,"EPMs 9348, 9913, 9914, 9941 & 10416 	3 	February 1995",0.497850644,0.381997403,0.767293178,0.012580355,0.11577452,0.034601181,1,1,0,0.99879296,1
26525,8,1,0,"EPMs 9348, 9913, 9914, 9941 & 10416 	2 	February 1995",0.498344317,0.3811343,0.764801137,0.012384696,0.11922013,0.034618369,1,1,0,0.996619581,1
21838,12,1,0,"C.R. 7005 	Page 6",0.246684559,0.180475578,0.73160468,0.013250122,0.130823284,0.034654316,1,1,1,0.992961127,1
33054,7,1,0,"CR 10352 EPM 11217 South Palmer River 	2 	November 2001",0.469808158,0.359967318,0.766200654,0.009579835,0.116805144,0.034656803,1,1,0,0.999803418,1
26114,18,1,0,"EPM 9526 	8 	July 1994",0.19795298,0.15052035,0.760384358,0.012169938,0.125423118,0.034854415,1,1,0,0.9882862,1
26525,10,1,0,"EPMs 9348, 9913, 9914, 9941 & 10416 	4 	February 1995",0.497722327,0.381599254,0.766691051,0.012475576,0.115209997,0.034861794,1,1,0,0.996987207,1
26525,18,1,0,"EPMs 9348, 9913, 9914, 9941 & 10416 	11 	February 1995",0.506720464,0.387374498,0.764473759,0.011928103,0.113225698,0.034888277,1,1,0,0.990534823,1
26525,6,1,0,"EPMs 9348, 9913, 9914, 9941 & 10416 	1 	February 1995",0.495174774,0.378765331,0.764912412,0.01244498,0.113706358,0.03494144,1,1,0,0.991995107,1
30540,9,1,0,"EPM 10628 	4 	September 1998",0.266488329,0.204047744,0.765691109,0.012314416,0.115172476,0.034944303,1,1,0,0.995865911,1
21838,10,1,0,"C.R. 7005 	Page 5",0.245056286,0.178747371,0.729413532,0.012544379,0.134978101,0.035107233,1,1,1,0.999343202,1
26525,15,1,0,"EPMs 9348, 9913, 9914, 9941 & 10416 	9 	February 1995",0.497360623,0.380343598,0.764723986,0.012657934,0.115018383,0.035115143,1,1,0,0.994535661,1
21838,5,1,0,"C.R 7005 	Page 1",0.246139173,0.178605251,0.725627087,0.01264861,0.134295717,0.035137653,1,1,1,0.99397007,1
26525,5,1,0,"EPMs 9348, 9913, 9914, 9941 & 10416 	February 1995",0.482153052,0.369628228,0.766620114,0.012362907,0.1155295,0.035165038,1,1,0,0.99757975,1
28298,8,1,0,"EPM 10778 	3 	August 1996",0.238054368,0.18341233,0.77046404,0.012033514,0.113017015,0.035208143,1,1,0,0.996347825,1
28298,4,1,0,"EPM 10778 	August 1996",0.225093655,0.173600242,0.771235608,0.012474895,0.110883467,0.035270041,1,1,0,0.992701705,1
26525,14,1,0,"EPMs 9348, 9913, 9914, 9941 & 10416 	8 	February 1995",0.497184853,0.380142494,0.764589854,0.012077967,0.117663458,0.035305823,1,1,0,0.999913806,1
26114,8,1,0,"EPM 9526 	2 	July 1994",0.197814507,0.150358092,0.760096386,0.012486259,0.125518531,0.035332214,1,1,0,0.988387533,1
27972,26,1,0,"EPMs 8662,8688, 8734 	11 	15 February 1996",0.426525026,0.300686341,0.70496764,0.014602992,0.144341558,0.035355531,1,1,0,0.993377846,1
26114,11,1,0,"EPM 9526 	5 	July 1994",0.195959907,0.148884873,0.759772114,0.012485136,0.125644237,0.03536824,1,1,0,0.988463531,1
21838,20,1,0,"C.R. 7005 	Page 12",0.263384078,0.191731326,0.727953367,0.012973913,0.124431662,0.035390971,1,1,1,0.97581855,1
26525,11,1,0,"EPMs 9348, 9913, 9914, 9941 & 10416 	5 	February 1995",0.496752856,0.380700401,0.766377881,0.012520171,0.116825409,0.035425345,1,1,0,0.999970686,1
30540,7,1,0,"EPM 10628 	2 	September 1998",0.266656922,0.204031679,0.765146755,0.01295641,0.111823805,0.035430133,1,1,0,0.988312234,1
26845,3,1,0,"EPM 9335 	June 1995",0.184883972,0.146092698,0.790185846,0.012199169,0.128419563,0.039898409,1,1,0,0.95094976,1
26114,9,1,0,"EPM 9526 	3 	July 1994",0.196139575,0.148857891,0.758938581,0.011840006,0.124897473,0.035540051,1,1,0,0.990890846,1
21838,9,1,0,"C. R 7005 	Page 4",0.246770262,0.180522978,0.731542677,0.013193415,0.131072447,0.035720626,1,1,1,0.993416245,1
27958,3,1,0,"EPM 10777 	April 1996",0.207373755,0.159734987,0.770275809,0.01272001,0.109078452,0.037504787,1,1,0,0.987935003,1
30540,4,1,0,"EPM 10628 	September 1998",0.255514241,0.195443161,0.764901243,0.012228833,0.115143016,0.03619718,1,1,0,0.994980559,1
30540,8,1,0,"EPM 10628 	3 	September 1998",0.266174072,0.203558951,0.764758751,0.012538794,0.111458331,0.03627917,1,1,0,0.987145078,1
33054,4,1,0,"CR 10352 - EPM 11217 South Palmer River 	November 2001",0.483021048,0.369811781,0.765622497,0.00985272,0.118368424,0.036296809,1,1,0,0.997539633,1
26515,3,1,0,"EPM 9873 	January 1995",0.21451107,0.163383596,0.761655778,0.011711669,0.12115939,0.040396288,1,1,0,0.995854836,1
27958,4,1,0,"EPM 10777 	April 1996",0.209640529,0.161956154,0.772542194,0.012326507,0.108934097,0.036522513,1,1,0,0.989997878,1
21838,14,1,0,"C.R 7005 	Page 8",0.246528684,0.179896012,0.729716353,0.012877931,0.125710905,0.036702354,1,1,1,0.980326195,1
26525,16,1,0,"EPMs 9348, 9913, 9914, 9941 & 10416 	10 	February 1995",0.508948445,0.389279122,0.764869459,0.014552007,0.115984716,0.036774538,1,1,0,0.996703328,1
28298,3,1,0,"EPM 10778 	August 1996",0.225937169,0.174427226,0.772016518,0.011859492,0.110775806,0.039320916,1,1,0,0.993291659,1
27958,5,1,0,"EPM 10777 	April 1996",0.208797535,0.160753496,0.769901313,0.012467609,0.108128317,0.037060678,1,1,0,0.985562237,1
30392,4,1,0,"Urandangi Project Annual Report 	September 1998",0.493092345,0.367133267,0.744552761,0.012154612,0.101968028,0.037393698,1,1,0,0.946270279,1
30392,7,1,0,"Urandangi Project Annual Report 	2 	September 1998",0.504440415,0.375521795,0.744432412,0.012524422,0.098548718,0.037458123,1,1,0,0.939011509,1
28298,5,1,0,"EPM 10778 	1 	August 1996",0.235631513,0.18175473,0.771351539,0.012121601,0.106101476,0.037462652,1,1,0,0.982846621,1
30540,3,1,0,"EPM 10628 	September 1998",0.254113322,0.194321416,0.764703773,0.012359411,0.114779577,0.036310181,1,1,0,0.994016388,1
28298,7,1,0,"EPM 10778 	2 	August 1996",0.23790304,0.183250352,0.770273268,0.011867409,0.110527135,0.037690288,1,1,0,0.990954541,1
27958,7,1,0,"EPM 10777 	2 	April 1996",0.222932065,0.171693234,0.770159438,0.012442112,0.11134012,0.037861799,1,1,0,0.992531826,1
27409,3,1,0,"EPM 8440 	December 1995",0.258461011,0.189468361,0.733063608,0.010134839,0.148211673,0.03973441,1,1,0,0.969243336,1
29349,6,1,0,"EPMs 8913, 10435 Sandy Creek JV 	1 	November 1997",0.537520401,0.379075664,0.705230281,0.015446434,0.127902076,0.037987919,1,1,0,0.959356373,1
27972,25,1,0,"EPMs 8662,8688, 8734 	10 	15 February 1996",0.427513069,0.30149354,0.705226488,0.014271235,0.13825275,0.03803975,1,1,0,0.980945604,1
30392,3,2,0.066666667,Urandangi Project Annual Report,1,0.249967158,0.249967158,0.012675665,0.102725647,0.038181134,0,0,0,0.431957888,1
32676,17,1,0,"CR 10157 - EPM 7786 Longford 	10 	March 2001",0.396009855,0.276565688,0.69838082,0.013336649,0.137882084,0.038289325,1,1,0,0.973031746,1
26515,4,1,0,"EPM 9873 	January 1995",0.212956294,0.162024759,0.760835737,0.011989683,0.122332148,0.038401935,1,1,0,0.994263641,1
32676,16,1,0,"CR 10157 - EPM 7786 Longford 	March 2001",0.374673619,0.261849985,0.698874891,0.012833977,0.136291713,0.038823323,1,1,0,0.97022933,1
27958,6,1,0,"EPM 10777 	1 	April 1996",0.219106183,0.169302405,0.772695698,0.012327844,0.107919961,0.038922044,1,1,0,0.988042344,1
32676,18,1,0,"CR 10157 - EPM 7786 Longford 	11 	March 2001",0.394190936,0.275520101,0.698950879,0.012919026,0.137266263,0.039268186,1,1,0,0.972341663,1
27972,12,1,0,"EPMs 8662, 8688, 8734 	5 	15 February 1996",0.424286283,0.297047978,0.700112142,0.012056772,0.138501257,0.039303858,1,1,0,0.97612935,1
26168,3,1,0,"EPM 9750 	January 1995",0.277891648,0.212750755,0.76558888,0.014402312,0.121268339,0.086715113,1,1,0,0.991525005,1
29013,6,1,0,"Police Creek Annual Report 	1 	June 1997",0.392966011,0.288885679,0.735141642,0.015234101,0.092767395,0.03935898,1,1,0,0.917259706,1
32676,8,1,0,"CR 10157 - EPM 7786 Longford 	1 	March 2001",0.383299253,0.267844026,0.69878567,0.012895751,0.138984859,0.039360133,1,1,0,0.975754606,1
27972,5,1,0,"EPMs 8662, 8688, 8734 	15 February 1996",0.410076064,0.288393706,0.703268811,0.012136504,0.143662736,0.0393651,1,1,0,0.990189696,1
29349,5,1,0,"EPMs 8913, 10435 Sandy Creek JV 	November 1997",0.528897117,0.372677632,0.704631619,0.015160365,0.127743676,0.039474476,1,1,0,0.958401474,1
32676,13,1,0,"CR 10157 - EPM 7786 Longford 	6 	March 2001",0.386632381,0.270047094,0.698459588,0.013489825,0.139816046,0.039475688,1,1,0,0.977148466,1
29349,8,1,0,"EPMs 8913, 10435 Sandy Creek JV 	2 	November 1997",0.54325313,0.382684555,0.704431385,0.015451584,0.133143723,0.039536594,1,1,0,0.969457987,1
29013,5,1,0,"Police Creek Annual Report 	June 1997",0.37663995,0.280461691,0.744641379,0.015282772,0.094659157,0.039543554,1,1,0,0.931115224,1
26515,5,1,0,"EPM 9873 	January 1995",0.21427959,0.163203515,0.761638172,0.011966002,0.12204013,0.039559301,1,1,0,0.994035833,1
26845,4,1,0,"EPM 9335 	June 1995",0.18612577,0.147085369,0.790247202,0.012842774,0.131457642,0.039595535,1,1,0,0.944547837,1
29349,4,1,0,"EPMs 8913, 10435 Sandy Creek JV 	November 1997",0.528307241,0.371901765,0.703949779,0.015135136,0.127794132,0.039599791,1,1,0,0.957795518,1
26515,9,1,0,"EPM 9873 	3 	January 1995",0.227061062,0.172473501,0.759590834,0.01185301,0.122472517,0.039648231,1,1,0,0.995269343,1
27972,6,1,0,"EPMs 8662, 8688, 8734 	15 February 1996",0.409964701,0.288592346,0.703944378,0.012319086,0.142190918,0.039671293,1,1,0,0.987823916,1
32676,14,1,0,"CR 10157 - EPM 7786 Longford 	7 	March 2001",0.385121387,0.268866245,0.698133767,0.013140388,0.13811931,0.03969168,1,1,0,0.973268942,1
26518,3,1,0,"EPM 9216 	February 1995",0.291769266,0.220895149,0.757088475,0.01472778,0.120238148,0.045782719,1,1,0,0.99746048,1
31069,6,1,0,"Jolimont Joint Venture 	July 1999",0.316956785,0.222891249,0.703222834,0.011877683,0.142925963,0.039724791,1,1,0,0.988604709,1
32676,3,1,0,"CR 10157 EPM 7786 Longford 	March 2001",0.34507331,0.262274645,0.760054857,0.01051415,0.114578553,0.045649739,1,1,0,0.988747823,1
32676,10,1,0,"CR 10157 - EPM 7786 Longford 	3 	March 2001",0.385316091,0.26908525,0.698349372,0.013420794,0.138942808,0.0397558,1,1,0,0.975211786,1
32676,19,1,0,"CR 10157 - EPM 7786 Longford 	12 	March 2001",0.394990799,0.275872418,0.698427454,0.012993513,0.137429565,0.039830095,1,1,0,0.972136362,1
27972,16,1,0,"EPMs 8662,8688, 8734 	8 	15 February 1996",0.41935939,0.293604262,0.700125642,0.012121089,0.137502745,0.039832432,1,1,0,0.974060375,1
29013,3,1,0,"Police Creek Annual Report 	June 1997",0.376961777,0.280685365,0.744599007,0.01505529,0.09021277,0.03798637,1,1,0,0.921795141,1
32676,9,1,0,"CR 10157 - EPM 7786 Longford 	2 	March 2001",0.384425041,0.268523575,0.698506981,0.013132828,0.137820989,0.039977215,1,1,0,0.973035889,1
27972,9,1,0,"EPMs 8662, 8688, 8734 	2 	15 February 1996",0.425756147,0.297768841,0.699388236,0.012284321,0.140779838,0.040030278,1,1,0,0.980127748,1
27972,14,1,0,"EPMs 8662, 8688, 8734 	7 	15 February 1996",0.427819783,0.299130632,0.699197754,0.014167512,0.14065066,0.040121249,1,1,0,0.979659574,1
26515,15,1,0,"EPM 9873 	6 	January 1995",0.227934899,0.173410895,0.760791332,0.012081889,0.122393899,0.04019591,1,1,0,0.994181138,1
30392,5,1,0,"Urandangi Project Annual Report 	September 1998",0.494313621,0.368599087,0.745678596,0.012408417,0.097539492,0.040230246,1,1,0,0.938205972,1
27409,11,1,0,"EPM 8440 	4 	December 1995",0.270258483,0.198232619,0.73349268,0.010132933,0.135832027,0.040335534,1,1,0,0.994621731,1
30392,6,1,0,"Urandangi Project Annual Report 	1 	September 1998",0.504349202,0.375861355,0.745240308,0.015450647,0.096103817,0.040381896,1,1,0,0.934753751,1
27972,3,1,0,"EPMs 8662, 8688, 8734 	15 February 1996",0.409413054,0.288272709,0.704112157,0.0120843,0.139540747,0.039724791,1,1,0,0.982470236,1
26515,13,1,0,"EPM 9873 	5 	January 1995",0.226096957,0.171762701,0.759686038,0.011497172,0.123285159,0.040452102,1,1,0,0.993474734,1
32676,12,1,0,"CR 10157 - EPM 7786 Longford 	5 	March 2001",0.386164356,0.269906748,0.698942676,0.01283111,0.136586502,0.040481692,1,1,0,0.970915014,1
26515,10,1,0,"EPM 9873 	4 	January 1995",0.226786175,0.172239156,0.759478197,0.011913907,0.123212025,0.040502906,1,1,0,0.993844101,1
27972,7,1,0,"EPMs 8662, 8688, 8734 	1 	15 February 1996",0.422237682,0.295642843,0.700181097,0.012047745,0.140938178,0.04051441,1,1,0,0.981285089,1
26515,8,1,0,"EPM 9873 	2 	January 1995",0.227910123,0.1730954,0.759489737,0.011677957,0.122472778,0.040583824,1,1,0,0.995374251,1
29013,8,1,0,"Police Creek Annual Report 	2 	June 1997",0.394792762,0.2895358,0.7333868,0.011755831,0.095688969,0.040677064,1,1,0,0.921524139,1
31069,8,1,0,"Jolimont Joint Venture 	3 	July 1999",0.328431207,0.231304116,0.704269603,0.012001111,0.140201077,0.040708575,1,1,0,0.98401202,1
29013,17,1,0,"Police Creek Annual Report 	11 	June 1997",0.441444633,0.333881611,0.756338589,0.017437188,0.09660212,0.040818964,1,1,0,0.947369698,1
26845,13,1,0,"EPM 9335 	5 	June 1995",0.196550796,0.155140184,0.789313436,0.012439266,0.126856476,0.040965271,1,1,0,0.955120609,1
29013,11,1,0,"Police Creek Annual Report 	5 	June 1997",0.39595286,0.290779011,0.734377854,0.015416948,0.09085194,0.041038826,1,1,0,0.912467062,1
26845,16,1,0,"EPM 9335 	6 	June 1995",0.196834801,0.155443802,0.789717071,0.012000695,0.135569587,0.04110571,1,1,0,0.936522621,1
31069,7,1,0,"Jolimont Joint Venture 	2 	July 1999",0.327739928,0.230619848,0.703667231,0.011551835,0.145111263,0.041118546,1,1,0,0.993627142,1
27972,13,1,0,"EPMs 8662, 8688, 8734 	6 	15 February 1996",0.426889107,0.298418927,0.699054912,0.013646895,0.13771598,0.041143792,1,1,0,0.97338836,1
27409,10,1,0,"EPM 8440 	3 	December 1995",0.270504054,0.198367725,0.733326256,0.009810426,0.140252829,0.041317776,1,1,0,0.985572814,1
29013,16,1,0,"Police Creek Annual Report 	10 	June 1997",0.445317975,0.336972663,0.756701238,0.017627403,0.095180698,0.041380879,1,1,0,0.944782654,1
29349,11,1,0,"EPMs 8913, 10435 Sandy Creek JV 	4 	November 1997",0.5413023,0.381626138,0.70501481,0.011556508,0.127155036,0.041419086,1,1,0,0.957573173,1
26515,6,1,0,"EPM 9873 	1 	January 1995",0.225528614,0.171545304,0.760636538,0.011852571,0.122302555,0.041424527,1,1,0,0.994533158,1
27409,4,1,0,"EPM 8440 	December 1995",0.26008111,0.191104203,0.734786943,0.010121269,0.144861206,0.041577986,1,1,0,0.974435376,1
26845,6,1,0,"EPM 9335 	1 	June 1995",0.19292372,0.15221322,0.788981363,0.012285986,0.134397879,0.041590617,1,1,0,0.939734397,1
26845,8,1,0,"EPM 9335 	2 	June 1995",0.200341931,0.158388728,0.790592,0.012729743,0.125605032,0.041653993,1,1,0,0.956397678,1
27972,11,1,0,"EPMs 8662, 8688, 8734 	4 	15 February 1996",0.42714392,0.298921305,0.699814022,0.011742449,0.14145498,0.041657887,1,1,0,0.981980333,1
29013,9,1,0,"Police Creek Annual Report 	3 	June 1997",0.394467863,0.289943305,0.735023893,0.015240375,0.092850111,0.041854293,1,1,0,0.917309444,1
29013,10,1,0,"Police Creek Annual Report 	4 	June 1997",0.392322482,0.28807325,0.734276682,0.011788872,0.096804477,0.041884118,1,1,0,0.92477949,1
26845,5,1,0,"EPM 9335 	June 1995",0.183492951,0.144943953,0.789915644,0.012608756,0.125506863,0.041903041,1,1,0,0.957307969,1
29850,4,1,0,"EPMs 7668 and 7669 Alexandra and Coolullah 	December 1997",0.642606361,0.44349806,0.690155104,0.016337113,0.153917938,0.042019913,1,1,0,0.997905052,1
27972,10,1,0,"EPMs 8662, 8688, 8734 	3 	15 February 1996",0.425523348,0.29718489,0.698398553,0.011764638,0.142449737,0.042028174,1,1,0,0.982579108,1
27972,18,1,0,"EPMs 8662,8688, 8734 	9 	15 February 1996",0.420337067,0.293645387,0.698595032,0.011862564,0.138296127,0.042258105,1,1,0,0.974118949,1
27409,8,1,0,"EPM 8440 	2 	December 1995",0.272291621,0.199992373,0.734478615,0.009934129,0.139442384,0.042444235,1,1,0,0.986061528,1
24362,7,1,0,"EPM 7786 	2 	FEBRUARY 1993",0.37160275,0.270257235,0.727274582,0.011053804,0.119232967,0.042576422,1,1,0,0.964265201,1
57418,59,1,0,"Cockenzie Project, Australia 	12/54",0.359249474,0.251110446,0.698986258,0.015263378,0.120302856,0.042645926,0,1,0,0.936990146,1
57418,100,1,0,"Cockenzie Project, Australia 	53/54",0.360336457,0.251910388,0.6990977,0.015057641,0.120187782,0.042782469,0,1,0,0.936866326,1
57418,49,1,0,"Cockenzie Project, Australia 	2/54",0.320247238,0.243461434,0.760229614,0.014788703,0.120104589,0.042805506,0,1,0,0.999542927,1
26525,3,1,0,"EPMs 9348, 9913, 9914, 9941 & 10416 	February 1995",0.481618834,0.36923404,0.766651995,0.012001161,0.117397107,0.035446713,1,1,0,0.998492108,1
33054,3,1,0,"CR 10352 - EPM 11217 South Palmer River 	November 2001",0.483673092,0.370309599,0.765619598,0.009722323,0.11701037,0.036028113,1,1,0,0.999625465,1
57418,84,1,0,"Cockenzie Project, Australia 	37/54",0.360574035,0.251938086,0.698713887,0.014866476,0.120244794,0.042941216,0,1,0,0.936584914,1
29349,10,1,0,"EPMs 8913, 10435 Sandy Creek JV 	3 	November 1997",0.540431983,0.380938999,0.70487871,0.011853223,0.133589372,0.042952713,1,1,0,0.97085428,1
57418,75,1,0,"Cockenzie Project, Australia 	28/54",0.360713527,0.252051074,0.698756922,0.014853057,0.120274574,0.042984623,0,1,0,0.936691928,1
57418,54,1,0,"Cockenzie Project, Australia 	7/54",0.319497526,0.242748484,0.759782046,0.014532048,0.120540693,0.043084815,0,1,0,0.999099991,1
29850,6,1,0,"EPMs 7668 and 7669 Alexandra 	1 	December 1997",0.500075146,0.345233574,0.690363392,0.013867959,0.151778102,0.043179974,1,1,0,0.993658267,1
27409,5,1,0,"EPM 8440 	December 1995",0.260530638,0.19118426,0.733826399,0.010674998,0.141483143,0.043276764,1,1,0,0.982484489,1
24362,5,1,0,"EPM 7786 	1 	FEBRUARY 1993",0.370853738,0.270465087,0.729303926,0.011171475,0.119844049,0.043354858,1,1,0,0.967656788,1
57418,101,1,0,"Cockenzie Project, Australia 	54/54",0.360227979,0.251749724,0.698862217,0.014262474,0.120151214,0.043459311,0,1,0,0.936544412,1
57418,8,1,0,BMA,1,0.05271247,0.05271247,0.019227169,0.796660066,0.04348094,0,0,0,0.326136208,1
57418,68,1,0,"Cockenzie Project, Australia 	21/54",0.36084846,0.252162807,0.698805273,0.014166968,0.120219029,0.043491164,0,1,0,0.936626488,1
57418,58,1,0,"Cockenzie Project, Australia 	11/54",0.358408725,0.25026045,0.698254347,0.01392839,0.120644204,0.043599188,0,1,0,0.936938811,1
29850,9,1,0,"EPMs 7668 and 7669 Alexandra 	3 	December 1997",0.503618495,0.34763222,0.690268971,0.010353245,0.155480057,0.043616593,1,1,0,0.998718586,1
57418,50,1,0,"Cockenzie Project, Australia 	3/54",0.320423079,0.243449455,0.759775033,0.013753106,0.120388225,0.04366198,0,1,0,0.999425381,1
57418,53,1,0,"Cockenzie Project, Australia 	6/54",0.319359968,0.242624192,0.759720115,0.013352698,0.120565549,0.043710351,0,1,0,0.999112738,1
29850,5,1,0,"EPMs 7668 and 7669 Alexandra and Coolullah 	December 1997",0.642022366,0.443048269,0.690082297,0.015697103,0.151872531,0.04371826,1,1,0,0.993562055,1
57418,52,1,0,"Cockenzie Project, Australia 	5/54",0.319364227,0.242645817,0.759777697,0.013324142,0.120470762,0.043755922,0,1,0,0.999250416,1
27409,6,1,0,"EPM 8440 	1 	December 1995",0.267662737,0.19608485,0.732581802,0.010876853,0.146324158,0.043771375,1,1,0,0.973683563,1
29733,4,1,0,"Lightning Creek/Buster Creek Joint Venture 	March 1997",0.57524971,0.415781461,0.722784303,0.012760926,0.143098742,0.043776527,1,1,0,0.99063189,1
57418,129,1,0,"GEOCHEMPET SERVICES, MALENY",1,0.333079278,0.333079278,0.014651669,0.333014548,0.043778192,0,0,0,0.999070584,1
57418,6,1,0,BMA,1,0.051518518,0.051518518,0.019193221,0.797485232,0.0437847,0,0,0,0.325660165,1
29733,11,1,0,"Lightning Creek/Buster Creek Venture 	4 	March 1997",0.529013877,0.381857793,0.721829444,0.012451312,0.148544133,0.043801165,1,1,0,0.980267916,1
31356,5,1,0,"EPM 10732 - Partial Relinquishment Report 	October 1999",0.530269075,0.407247625,0.76800184,0.016987421,0.104161687,0.043872118,1,1,0,0.975305899,1
29013,4,1,0,"Police Creek Annual Report 	June 1997",0.377645963,0.279844031,0.74102217,0.015428706,0.101564333,0.043983046,1,1,0,0.941745412,1
57418,5,1,0,BMA,1,0.053345416,0.053345416,0.018763518,0.796105683,0.04403149,0,0,0,0.326632527,1
29850,8,1,0,"EPMs 7668 and 7669 Alexandra 	2 	December 1997",0.504299268,0.347893669,0.68985559,0.010111737,0.155717552,0.044046557,1,1,0,0.998654323,1
31356,6,1,0,"EPM 10732 - Partial Relinquishment Repor 	October 1999",0.529129559,0.40620888,0.767692663,0.016398817,0.103684932,0.044142803,1,1,0,0.973988814,1
57418,7,1,0,BMA,1,0.051070478,0.051070478,0.0180736,0.797635972,0.044340674,0,0,0,0.32581304,1
57418,4,1,0,BMA,1,0.051023174,0.051023174,0.017912939,0.797645688,0.044421241,0,0,0,0.325842113,1
57418,9,1,0,BMA,1,0.052527986,0.052527986,0.018020917,0.797154546,0.044424169,0,0,0,0.325297074,1
31356,4,1,0,"EPM 10732 - Partial Relinquishment Report 	October 1999",0.531475159,0.4085439,0.768698014,0.017121298,0.104457416,0.044587845,1,1,0,0.976649004,1
57418,51,1,0,"Cockenzie Project, Australia 	4/54",0.320436797,0.24342595,0.759669155,0.012498762,0.120458513,0.044626424,0,1,0,0.999389186,1
57418,89,1,0,"Cockenzie Project, Australia 	42/54",0.359633587,0.251322046,0.698828071,0.012756961,0.120106578,0.044655185,0,1,0,0.936415676,1
32676,6,1,0,"CR 10157 - EPM 7786 Longford 	March 2001",0.343889581,0.261352919,0.759990804,0.013512437,0.11308223,0.044705629,1,1,0,0.985559439,1
57418,10,1,0,BMA,1,0.05100216,0.05100216,0.017522745,0.797745347,0.044725589,0,0,0,0.325656128,1
57418,82,1,0,"Cockenzie Project, Australia 	35/54",0.35912207,0.250670973,0.698010493,0.012411937,0.120681763,0.044783907,0,1,0,0.936762805,1
29733,8,1,0,"Lightning Creek/Buster Creek Venture 	2 	March 1997",0.530913009,0.383819555,0.722942457,0.015871651,0.147305757,0.044790439,1,1,0,0.981690407,1
57418,13,1,0,BMA,1,0.051787987,0.051787987,0.017506728,0.797541618,0.044807728,0,0,0,0.325261457,1
57418,55,1,0,"Cockenzie Project, Australia 	8/54",0.346037241,0.24148998,0.697872806,0.01226269,0.120763272,0.044837372,0,1,0,0.936789228,1
57418,2,1,0,BMA,1,0.052572682,0.052572682,0.017443154,0.796573222,0.044853058,0,0,0,0.326463189,1
57418,56,1,0,"Cockenzie Project, Australia 	9/54",0.346370276,0.241683895,0.697761649,0.012260272,0.120736852,0.044885447,0,1,0,0.936618166,1
57418,71,1,0,"Cockenzie Project, Australia 	24/54",0.359511395,0.251154393,0.698599257,0.012330307,0.120234065,0.044895958,0,1,0,0.936442962,1
57418,72,1,0,"Cockenzie Project, Australia 	25/54",0.359022206,0.250673376,0.698211342,0.012274165,0.120527796,0.04489797,0,1,0,0.936651108,1
26518,6,1,0,"EPM 9216 	1 	February 1995",0.303055738,0.229252444,0.75646957,0.014541548,0.121129028,0.044904371,1,1,0,0.998673434,1
57418,97,1,0,"Cockenzie Project, Australia 	50/54",0.358624712,0.250182126,0.697615411,0.012228619,0.120824568,0.044911319,0,1,0,0.936648617,1
57418,79,1,0,"Cockenzie Project, Australia 	32/54",0.359426835,0.251082867,0.698564611,0.012357257,0.120234273,0.044913068,0,1,0,0.93640726,1
57418,93,1,0,"Cockenzie Project, Australia 	46/54",0.35875538,0.250342067,0.697807144,0.012277975,0.120687842,0.044913664,0,1,0,0.936563379,1
57418,95,1,0,"Cockenzie Project, Australia 	48/54",0.358677279,0.250301186,0.697845113,0.012300811,0.120725028,0.044927254,0,1,0,0.936680558,1
57418,78,1,0,"Cockenzie Project, Australia 	31/54",0.359144875,0.25078097,0.698272444,0.012231898,0.120256029,0.044929123,0,1,0,0.936147892,1
57418,90,1,0,"Cockenzie Project, Australia 	43/54",0.358877631,0.250634894,0.698385388,0.012255087,0.120297238,0.044929361,0,1,0,0.93635167,1
57418,98,1,0,"Cockenzie Project, Australia 	51/54",0.358461651,0.250107851,0.697725546,0.012225118,0.120813742,0.04494312,0,1,0,0.936740912,1
57418,99,1,0,"Cockenzie Project, Australia 	52/54",0.358453253,0.250106994,0.697739501,0.012235226,0.120814353,0.044950487,0,1,0,0.936756743,1
57418,83,1,0,"Cockenzie Project, Australia 	36/54",0.359401255,0.250918586,0.698157232,0.012245265,0.120262317,0.044954168,0,1,0,0.936040834,1
57418,69,1,0,"Cockenzie Project, Australia 	22/54",0.359507018,0.251113035,0.698492721,0.012312877,0.120238744,0.044956772,0,1,0,0.936341598,1
57418,76,1,0,"Cockenzie Project, Australia 	29/54",0.359180844,0.250756178,0.698133495,0.012240737,0.120354287,0.044958932,0,1,0,0.936207939,1
57418,94,1,0,"Cockenzie Project, Australia 	47/54",0.358447226,0.250112478,0.697766531,0.012227214,0.120771423,0.044959644,0,1,0,0.936695379,1
57418,91,1,0,"Cockenzie Project, Australia 	44/54",0.359179865,0.250860523,0.698425908,0.012290145,0.120265909,0.044964256,0,1,0,0.936328576,1
57418,73,1,0,"Cockenzie Project, Australia 	26/54",0.358831513,0.250404477,0.697833017,0.012234939,0.120790392,0.044967825,0,1,0,0.936804301,1
57418,65,1,0,"Cockenzie Project, Australia 	18/54",0.357001225,0.249204442,0.698049262,0.012269275,0.120485082,0.044970548,0,1,0,0.936392937,1
57418,74,1,0,"Cockenzie Project, Australia 	27/54",0.359606532,0.251199082,0.698538706,0.012301472,0.120212272,0.044972077,0,1,0,0.936334339,1
57418,80,1,0,"Cockenzie Project, Australia 	33/54",0.359237542,0.250883412,0.698377486,0.012201603,0.120224372,0.044973956,0,1,0,0.936191416,1
57418,81,1,0,"Cockenzie Project, Australia 	34/54",0.358874037,0.250582967,0.69824769,0.012214143,0.120309606,0.044982346,0,1,0,0.936233841,1
57418,60,1,0,"Cockenzie Project, Australia 	13/54",0.35729504,0.249494344,0.698286615,0.012241103,0.120246641,0.044982906,0,1,0,0.936143089,1
57418,70,1,0,"Cockenzie Project, Australia 	23/54",0.359341058,0.250949867,0.69836124,0.012264504,0.120273665,0.044983022,0,1,0,0.936277304,1
57418,66,1,0,"Cockenzie Project, Australia 	19/54",0.357075469,0.249286607,0.698134229,0.01226045,0.120498672,0.044984348,0,1,0,0.936509914,1
57418,85,1,0,"Cockenzie Project, Australia 	38/54",0.358855538,0.250569034,0.698244859,0.012255648,0.120451182,0.044986809,0,1,0,0.936526238,1
57418,67,1,0,"Cockenzie Project, Australia 	20/54",0.359100566,0.250735112,0.6982309,0.012181459,0.120356247,0.044988427,0,1,0,0.936313628,1
57418,77,1,0,"Cockenzie Project, Australia 	30/54",0.359203682,0.250766784,0.698118635,0.012113521,0.120341025,0.044989046,0,1,0,0.936164771,1
57418,63,1,0,"Cockenzie Project, Australia 	16/54",0.357039181,0.249272674,0.698166162,0.012139271,0.120278835,0.04500089,0,1,0,0.936084608,1
57418,57,1,0,"Cockenzie Project, Australia 	10/54",0.356874108,0.249170039,0.698201504,0.012191551,0.120249175,0.04500474,0,1,0,0.936059595,1
57418,86,1,0,"Cockenzie Project, Australia 	39/54",0.358564036,0.250370257,0.698258139,0.012199488,0.120339558,0.045014694,0,1,0,0.936307224,1
57418,96,1,0,"Cockenzie Project, Australia 	49/54",0.358177295,0.249924172,0.69776665,0.012213429,0.120557502,0.045025727,0,1,0,0.936249229,1
26518,8,1,0,"EPM 9216 	2 	February 1995",0.304915768,0.230703645,0.75661435,0.014314176,0.118553676,0.045038126,1,1,0,0.993451847,1
57418,61,1,0,"Cockenzie Project, Australia 	14/54",0.357138834,0.249308441,0.698071498,0.012119828,0.120476052,0.045043916,0,1,0,0.936397293,1
57418,64,1,0,"Cockenzie Project, Australia 	17/54",0.357251905,0.249417972,0.69815715,0.012128592,0.120317079,0.045046248,0,1,0,0.936154991,1
57418,14,1,0,BMA,1,0.051760964,0.051760964,0.017278273,0.79726404,0.045048021,0,0,0,0.325868719,1
57418,62,1,0,"Cockenzie Project, Australia 	15/54",0.357065069,0.249260079,0.698080268,0.012181446,0.120420739,0.045048349,0,1,0,0.936291048,1
57418,88,1,0,"Cockenzie Project, Australia 	41/54",0.358604895,0.25044778,0.69839476,0.012190129,0.120335817,0.045055654,0,1,0,0.936441929,1
57418,87,1,0,"Cockenzie Project, Australia 	40/54",0.358531048,0.250344455,0.69825042,0.012164978,0.120336123,0.045077542,0,1,0,0.936292007,1
57418,92,1,0,"Cockenzie Project, Australia 	45/54",0.357914538,0.249766715,0.697838977,0.012109841,0.120777078,0.045114914,0,1,0,0.936782743,1
29733,5,1,0,"Lightning Creek/Buster Creek Joint Venture 	March 1997",0.575369795,0.416091926,0.723173045,0.012646107,0.145473197,0.045119187,1,1,0,0.985272902,1
32676,5,1,0,"CR 10157 - EPM 7786 Longford 	March 2001",0.343119506,0.260778271,0.760021701,0.010312017,0.113166921,0.045139993,1,1,0,0.985768346,1
31356,8,1,0,"EPM 10732 - Partial Relinquishment Report 	3 	October 1999",0.543623214,0.417491198,0.767978974,0.016830424,0.105811954,0.045170053,1,1,0,0.978724772,1
31356,7,1,0,"EPM 10732 - Partial Relinquishment Report 	2 	October 1999",0.541576003,0.415630388,0.767446093,0.016291032,0.105586439,0.045207893,1,1,0,0.977698475,1
27972,4,1,0,"EPMs 8662, 8688, 8734 	15 February 1996",0.409865528,0.286167078,0.698197477,0.01217369,0.146986648,0.045278531,1,1,0,0.991834103,1
29349,3,1,0,"EPMs 8913, 10435 Sandy Creek JV 	November 1997",0.527809309,0.371864021,0.704542369,0.015701262,0.127394557,0.036940932,1,1,0,0.957580059,1
26518,5,1,0,"EPM 9216 	February 1995",0.294016175,0.22292947,0.75822179,0.015127015,0.120461211,0.045588719,1,1,0,0.999107965,1
32676,4,1,0,"CR 10157 - EPM 7786 Longford 	March 2001",0.344572565,0.261743158,0.759616941,0.010285695,0.11468865,0.045606792,1,1,0,0.988520722,1
29733,3,1,0,"Lightning Creek/Buster Creek Joint Venture 	March 1997",0.575137112,0.414873004,0.721346259,0.01197334,0.147373825,0.042921795,1,1,0,0.983213368,1
29850,3,1,0,"EPMs 7668 and 7669 Alexandra and Coolullah 	December 1997",0.642045004,0.442999542,0.689982072,0.010277987,0.155531779,0.045399467,1,1,0,0.998909945,1
29733,9,1,0,"Lightning Creek/Buster Creek Venture 	3 	March 1997",0.529500045,0.382601302,0.722570859,0.015435393,0.139633402,0.045818437,1,1,0,0.99808379,1
26518,4,1,0,"EPM 9216 	February 1995",0.291600722,0.220694162,0.756836817,0.015037083,0.119953811,0.045824764,1,1,0,0.996604807,1
31356,3,2,0.1,"EPM 10732 - Partial Relinquishment Report 	October 1999",0.530816215,0.407701276,0.768064849,0.013005243,0.105585277,0.045826145,1,1,0,0.978341463,1
36198,14,1,0,"Wilgunya EPM 13282 	Drill Hole Magnetics 	Appendix",0.4267875,0.348391481,0.816311352,0.012221759,0.09173505,0.046233149,1,1,0,0.999772659,1
26518,10,1,0,"EPM 9216 	3 	February 1995",0.307589317,0.233002971,0.75751321,0.014668093,0.118450224,0.046512687,1,1,0,0.994173615,1
29733,6,1,0,"Lightning Creek/Buster Creek Venture 	} 	March 1997",0.526896521,0.378285888,0.717951007,0.012098305,0.147633791,0.04746558,1,1,0,0.986212561,1
32676,15,1,0,"CR 10157 - EPM 7786 Longford 	March 2001",0.212599774,0.183053549,0.861024197,0.018802332,0.065093786,0.04756438,1,1,0,0.990833783,1
23543,5,1,0,"EPM 7777 - TALAWANTA 	MARCH 1992",0.481297459,0.366575636,0.761640497,0.012804102,0.121119037,0.049115801,1,1,0,0.995954957,1
32676,11,1,0,"CR 10157 - EPM 7786 Longford 	4 	March 2001",0.219767978,0.189132161,0.860599268,0.014818656,0.06808234,0.050340716,1,1,0,0.996625157,1
36198,12,1,0,"Wilgunya EPM 13282 	Drill Hole Locations 	Appendix",0.281069754,0.243823275,0.867483146,0.015103316,0.06491556,0.065313607,1,1,0,0.997199184,1
29013,12,1,0,"Police Creek Annual Report 	6",0.416329594,0.179847606,0.431983717,0.024774849,0.094358802,0.073274672,1,1,0,0.604361328,1
57418,6,2,0.019230769,BHP Billiton Mitsubishi Alliance,1,0.103869081,0.103869081,0.008993438,0.772768795,0.077397369,0,0,0,0.32261678,1
57418,3,2,0.058823529,BHP PBilliton Mitsubishi Alliance,1,0.103515573,0.103515573,0.007876459,0.772851229,0.078032859,0,0,0,0.322813548,1
57418,4,2,0.05,BHP Billiton Mitsubish Alliance,1,0.103458032,0.103458032,0.007671378,0.772893608,0.078168795,0,0,0,0.322785158,1
57418,8,2,0.045454545,BHP PBilliton Mitsubishi Alliance,1,0.103401773,0.103401773,0.007553101,0.772939324,0.078229278,0,0,0,0.322748469,1
57418,11,1,0,PBillitor Mitsubish Alliance,1,0.094923601,0.094923601,0.007296085,0.781572938,0.078293979,0,0,0,0.313580771,1
57418,10,2,0.034482759,HPBilliton Mitsubish Alliance,1,0.097379774,0.097379774,0.007577503,0.77907151,0.078300357,0,0,0,0.316237168,1
57418,2,2,0.038461538,BHP Billiton Mitsubishi Alliance,1,0.103795797,0.103795797,0.007241461,0.772588313,0.07833124,0,0,0,0.323069737,1
57418,12,1,0,Billitor Mitsubish Alliance,1,0.092423521,0.092423521,0.007250621,0.783941686,0.07833536,0,0,0,0.311246964,1
57418,7,2,0.055555556,BHP Billiton Mitsubish Alliance,1,0.103635333,0.103635333,0.007303149,0.772707641,0.078400992,0,0,0,0.322988175,1
57418,13,2,0.023255814,BHP Billiton Mitsubishi Alliance,1,0.103459902,0.103459902,0.007089891,0.772970796,0.078462966,0,0,0,0.322622181,1
57418,5,2,0.090909091,BHP PBilliton Mitsubishi Alliance,1,0.103503123,0.103503123,0.007118704,0.772767901,0.078480177,0,0,0,0.323000368,1
57418,9,2,0.015873016,BHPBilliton Mitsubish Alliance,1,0.103387795,0.103387795,0.007061244,0.773325324,0.078483313,0,0,0,0.32195779,1
57418,14,2,0.055555556,BHP Billiton Mitsubish Alliance,1,0.103638284,0.103638284,0.006880148,0.772687137,0.078523226,0,0,0,0.323027872,1
26168,4,3,0.2,"EPM 9750 	January 1995",0.276523665,0.2118444,0.766098626,0.014523582,0.11969284,0.087579999,1,1,0,0.994280046,1
26168,9,1,0,"EPM 9750 	4 	January 1995",0.289361195,0.221700366,0.766171724,0.014479694,0.118741833,0.088166458,1,1,0,0.996187755,1
26168,6,1,0,"EPM 9750 	2 	January 1995",0.290360099,0.222404332,0.76596038,0.01451056,0.121579856,0.08819895,1,1,0,0.990487626,1
26168,8,1,0,"EPM 9750 	3 	January 1995",0.287368323,0.219981552,0.765503831,0.014496825,0.118158914,0.088308685,1,1,0,0.998100483,1
26168,2,2,0.04,"EPM 9750 	January 1995",0.276566556,0.211830467,0.765929438,0.015222179,0.118138544,0.088676475,1,1,0,0.997699035,1
26168,7,1,0,"EPM 9750 	January 1995",0.176505354,0.147189751,0.833910972,0.020239504,0.08346419,0.115798328,1,1,0,0.999125109,1
57418,3,1,0,BMA,1,0.052912261,0.052912261,0.019853694,0.796625733,0.042938858,0,0,0,0.325999433,1
57418,128,38,1,Bm090401t.doc,1,0.108936086,0.108936086,0.012480124,0.150113106,0.943999588,0,0,0,0.383708966,2
