DocID,PageNum,NumChildren,ContainsTOCPhrase,ContainsContentsWord,ContainsListOf,PrevPageTOC,TOCPage,TagMethod
10189,1,22,0,0,0,0,0,auto
10189,2,9,0,1,0,0,1,auto
10189,3,2,0,0,0,1,0,auto
10189,4,20,0,0,0,0,0,auto
10189,5,21,0,0,0,0,0,auto
10189,6,20,0,0,0,0,0,auto
10189,7,21,0,0,0,0,0,auto
10189,8,11,0,0,0,0,0,auto
10189,9,14,0,0,0,0,0,auto
10189,10,12,0,0,0,0,0,auto
10189,11,9,0,0,0,0,0,auto
10189,12,11,0,0,0,0,0,auto
10189,13,6,0,0,0,0,0,auto
10189,14,9,0,0,0,0,0,auto
10189,15,10,0,0,0,0,0,auto
10189,16,23,0,0,0,0,0,auto
10189,17,2,0,0,0,0,0,auto
10189,18,35,0,0,0,0,0,auto
10189,19,34,0,0,0,0,0,auto
10189,20,34,0,0,0,0,0,auto
10189,21,35,0,0,0,0,0,auto
10189,22,33,0,0,0,0,0,auto
10189,23,14,0,0,0,0,0,auto
10189,24,8,0,0,0,0,0,auto
10189,25,32,0,0,0,0,0,auto
10189,26,11,0,0,0,0,0,auto
10189,27,2,0,0,0,0,0,auto
10189,28,27,0,0,0,0,0,auto
10189,29,30,0,0,0,0,0,auto
10189,30,27,0,0,0,0,0,auto
10189,31,29,0,0,0,0,0,auto
10189,32,25,0,0,0,0,0,auto
10189,33,28,0,0,0,0,0,auto
10189,34,26,0,0,0,0,0,auto
10189,35,11,0,0,0,0,0,auto
10189,36,2,0,0,0,0,0,auto
10189,37,17,0,0,0,0,0,auto
10189,38,15,0,0,0,0,0,auto
10189,39,13,0,0,0,0,0,auto
10189,40,20,0,0,0,0,0,auto
10189,41,17,0,0,0,0,0,auto
10189,42,17,0,0,0,0,0,auto
10189,43,17,0,0,0,0,0,auto
10189,44,22,0,0,0,0,0,auto
10189,45,15,0,0,0,0,0,auto
10189,46,17,0,0,0,0,0,auto
10189,47,2,0,0,0,0,0,auto
10189,48,2,0,0,0,0,0,auto
10189,49,2,0,0,0,0,0,auto
10189,50,2,0,0,0,0,0,auto
10189,51,2,0,0,0,0,0,auto
10189,52,4,0,0,0,0,0,auto
10189,53,2,0,0,0,0,0,auto
10189,54,2,0,0,0,0,0,auto
10189,55,4,0,0,0,0,0,auto
10189,56,4,0,0,0,0,0,auto
10189,57,2,0,0,0,0,0,auto
10189,58,2,0,0,0,0,0,auto
10189,59,2,0,0,0,0,0,auto
10189,60,2,0,0,0,0,0,auto
10189,61,2,0,0,0,0,0,auto
10189,62,2,0,0,0,0,0,auto
10189,63,2,0,0,0,0,0,auto
10189,64,2,0,0,0,0,0,auto
10189,65,2,0,0,0,0,0,auto
10189,66,2,0,0,0,0,0,auto
10189,67,2,0,0,0,0,0,auto
10189,68,2,0,0,0,0,0,auto
10189,69,2,0,0,0,0,0,auto
10189,70,6,0,0,0,0,0,auto
10189,71,12,0,0,0,0,0,auto
10189,72,4,0,0,0,0,0,auto
10189,73,5,0,0,0,0,0,auto
10189,74,5,0,0,0,0,0,auto
10189,75,7,0,0,0,0,0,auto
10189,76,5,0,0,0,0,0,auto
10189,77,5,0,0,0,0,0,auto
10189,78,4,0,0,0,0,0,auto
10189,79,5,0,0,0,0,0,auto
10189,80,4,0,0,0,0,0,auto
10189,81,6,0,0,0,0,0,auto
10189,82,5,0,0,0,0,0,auto
10189,83,3,0,0,0,0,0,auto
10189,84,7,0,0,0,0,0,auto
10189,85,8,0,0,0,0,0,auto
10189,86,4,0,0,0,0,0,auto
10189,87,8,0,0,0,0,0,auto
10189,88,4,0,0,0,0,0,auto
10189,89,3,0,0,0,0,0,auto
10189,90,4,0,0,0,0,0,auto
102109,1,13,0,0,0,0,0,auto
102109,2,36,0,0,0,0,0,auto
102109,3,23,1,1,0,0,1,auto
102109,4,11,0,0,1,1,2,auto
102109,5,40,0,0,0,0,0,auto
102109,6,28,0,0,0,0,0,auto
102109,7,43,0,0,0,0,0,auto
102109,8,28,0,0,0,0,0,auto
102109,9,21,0,0,0,0,0,auto
102109,10,38,0,0,0,0,0,auto
102109,11,41,0,0,0,0,0,auto
102109,12,40,0,0,0,0,0,auto
102109,13,64,0,0,0,0,0,auto
102109,14,30,0,0,0,0,0,auto
102109,15,34,0,0,0,0,0,auto
102109,16,31,0,0,0,0,0,auto
102109,17,34,0,0,0,0,0,auto
102109,18,32,0,0,0,0,0,auto
102109,19,35,0,1,0,0,0,manual
102109,20,30,0,0,0,0,0,auto
102109,21,30,0,0,0,0,0,auto
102109,22,35,0,0,0,0,0,auto
102109,23,22,0,0,0,0,0,auto
102109,24,22,0,0,0,0,0,auto
10232,1,7,0,0,0,0,0,auto
10232,2,18,0,1,0,0,1,auto
10232,3,52,0,0,0,1,0,auto
10232,4,27,0,0,0,0,0,auto
10232,5,30,0,0,0,0,0,auto
10232,6,13,0,0,0,0,0,auto
10232,7,16,0,0,0,0,0,auto
103455,1,12,0,0,0,0,0,auto
103455,2,9,1,1,0,0,1,auto
103455,3,63,0,0,0,1,0,auto
103455,4,44,0,0,0,0,0,auto
103455,5,58,0,0,0,0,0,auto
103455,6,40,0,0,0,0,0,auto
103455,7,51,0,0,0,0,0,auto
103455,8,41,0,0,0,0,0,auto
105472,1,12,0,0,0,0,0,auto
105472,2,17,0,1,1,0,1,manual
105472,3,15,0,0,0,1,0,auto
105472,4,29,0,0,0,0,0,auto
105472,5,42,0,0,0,0,0,auto
105472,6,33,0,0,0,0,0,auto
105472,7,33,0,0,0,0,0,auto
105472,8,19,0,0,0,0,0,auto
105472,9,24,0,0,0,0,0,auto
105472,10,25,0,0,0,0,0,auto
105472,11,35,0,0,0,0,0,auto
105472,12,30,0,0,0,0,0,auto
105472,13,11,0,0,0,0,0,auto
105814,1,16,0,0,0,0,0,auto
105814,2,6,0,0,0,0,0,auto
105814,3,29,1,1,1,0,1,auto
105814,4,6,0,0,1,1,2,auto
105814,5,32,0,0,0,0,0,auto
105814,6,24,0,0,0,0,0,auto
105814,7,25,0,0,0,0,0,auto
105814,8,36,0,0,0,0,0,auto
105814,9,30,0,0,0,0,0,auto
105814,10,31,0,0,0,0,0,auto
105814,11,33,0,0,0,0,0,auto
105814,12,21,0,0,0,0,0,auto
105814,13,49,0,0,0,0,0,auto
105814,14,37,0,0,0,0,0,auto
105814,15,24,0,0,0,0,0,auto
105814,16,51,0,0,0,0,0,auto
105814,17,20,0,0,0,0,0,auto
111200,1,7,0,0,0,0,0,auto
111200,2,13,1,1,0,0,1,auto
111200,3,19,0,0,0,1,0,auto
111200,4,21,0,0,0,0,0,auto
111200,5,17,0,0,0,0,0,auto
111200,6,10,0,0,0,0,0,auto
111200,7,10,0,0,0,0,0,auto
111200,8,19,0,0,0,0,0,auto
111200,9,7,0,0,0,0,0,auto
111200,10,9,0,0,0,0,0,auto
111200,11,20,0,0,0,0,0,auto
111218,1,18,0,0,0,0,0,auto
111218,2,30,0,0,0,0,0,auto
111218,3,40,1,1,1,0,1,auto
111218,4,5,0,0,1,1,2,auto
111218,5,35,0,0,0,0,0,auto
111218,6,30,0,0,0,0,0,auto
111218,7,29,0,0,0,0,0,auto
111218,8,33,0,0,0,0,0,auto
111218,9,52,0,0,0,0,0,auto
111218,10,19,0,0,0,0,0,auto
111218,11,28,0,0,0,0,0,auto
111218,12,38,0,0,0,0,0,auto
111218,13,35,0,0,0,0,0,auto
111218,14,32,0,0,0,0,0,auto
111218,15,36,0,0,0,0,0,auto
111218,16,30,0,0,0,0,0,auto
111218,17,39,0,0,0,0,0,auto
111218,18,36,0,0,0,0,0,auto
111218,19,36,0,0,0,0,0,auto
111218,20,25,0,0,0,0,0,auto
111218,21,27,0,0,0,0,0,auto
111218,22,19,0,0,0,0,0,auto
111218,23,32,0,0,0,0,0,auto
111218,24,37,0,0,0,0,0,auto
111218,25,27,0,0,0,0,0,auto
11127,1,12,0,0,0,0,0,auto
11127,2,17,0,1,0,0,1,auto
11127,3,7,0,0,0,1,0,auto
11127,4,17,0,0,0,0,0,auto
11128,1,16,0,0,0,0,0,auto
11128,2,16,0,1,0,0,1,auto
11128,3,9,0,0,0,1,0,auto
11128,4,31,0,0,0,0,0,auto
11128,5,23,0,0,0,0,0,auto
11128,6,36,0,0,0,0,0,auto
11128,7,32,0,0,0,0,0,auto
11128,8,13,0,0,0,0,0,auto
11128,9,13,0,0,0,0,0,auto
11129,1,6,0,0,0,0,0,auto
11129,2,7,0,0,0,0,0,auto
11129,3,47,0,0,0,0,0,auto
11129,4,50,0,0,0,0,0,auto
11129,5,50,0,0,0,0,0,auto
11129,6,49,0,0,0,0,0,auto
11129,7,46,0,0,0,0,0,auto
11148,1,13,0,0,0,0,0,auto
11148,2,13,0,1,0,0,1,auto
11148,3,15,0,0,0,1,0,auto
11148,4,26,0,0,0,0,0,auto
11148,5,41,0,0,0,0,0,auto
11148,6,29,0,0,0,0,0,auto
11148,7,51,0,0,0,0,0,auto
11148,8,44,0,0,0,0,0,auto
11148,9,15,0,0,0,0,0,auto
11148,10,12,0,0,0,0,0,auto
11148,11,7,0,0,0,0,0,auto
112814,1,13,0,0,0,0,0,auto
112814,2,24,1,1,0,0,1,auto
112814,3,11,0,0,1,1,2,auto
112814,4,17,0,0,0,0,0,auto
112814,5,34,0,0,0,0,0,auto
112814,6,30,0,0,0,0,0,auto
112814,7,44,0,0,0,0,0,auto
112814,8,11,0,0,0,0,0,auto
112814,9,24,0,0,0,0,0,auto
112814,10,7,0,0,0,0,0,auto
112814,11,21,0,0,0,0,0,auto
112814,12,22,0,0,0,0,0,auto
112814,13,25,0,0,0,0,0,auto
112814,14,24,0,0,0,0,0,auto
112814,15,28,0,0,0,0,0,auto
112814,16,31,0,0,0,0,0,auto
112814,17,17,0,0,0,0,0,auto
112814,18,24,0,0,0,0,0,auto
112814,19,23,0,0,0,0,0,auto
112814,20,10,0,0,0,0,0,auto
113294,1,12,0,0,0,0,0,auto
113294,2,28,0,0,0,0,0,auto
113294,3,23,1,1,1,0,1,auto
113294,4,20,0,0,0,1,0,auto
113294,5,44,0,0,0,0,0,auto
113294,6,12,0,0,0,0,0,auto
113294,7,26,0,0,0,0,0,auto
113294,8,33,0,0,0,0,0,auto
113294,9,16,0,0,0,0,0,auto
113294,10,13,0,0,0,0,0,auto
113294,11,2,0,0,0,0,0,auto
113294,12,24,0,0,0,0,0,auto
115049,1,26,0,0,0,0,0,auto
11527,1,18,0,0,0,0,0,auto
11527,2,18,1,1,0,0,1,auto
11527,3,16,0,0,1,1,2,manual
11527,4,19,0,0,1,0,2,auto
11527,5,10,0,0,0,0,0,auto
11527,6,21,0,0,0,0,0,auto
11527,7,30,0,0,0,0,0,auto
11527,8,29,0,0,0,0,0,auto
11527,9,28,0,0,0,0,0,auto
11527,10,35,0,0,0,0,0,auto
11527,11,39,0,0,0,0,0,auto
11527,12,30,0,0,0,0,0,auto
11527,13,38,0,0,0,0,0,auto
11527,14,24,0,0,0,0,0,auto
11527,15,11,0,0,0,0,0,auto
11527,16,44,0,0,0,0,0,auto
1229,1,44,0,0,0,0,0,auto
1229,2,46,0,0,0,0,0,auto
1229,3,47,0,0,0,0,0,auto
1229,4,44,0,0,0,0,0,auto
1229,5,39,0,0,0,0,0,auto
1229,6,43,0,0,0,0,0,auto
1229,7,47,0,0,0,0,0,auto
1229,8,45,0,0,0,0,0,auto
1229,9,45,0,0,0,0,0,auto
1229,10,44,0,0,0,0,0,auto
1229,11,45,0,0,0,0,0,auto
1229,12,46,0,0,0,0,0,auto
1229,13,45,0,0,0,0,0,auto
1229,14,43,0,0,0,0,0,auto
1229,15,29,0,0,0,0,0,auto
1229,16,49,0,0,0,0,0,auto
1229,17,50,0,0,0,0,0,auto
1229,18,10,0,0,0,0,0,auto
13687,1,19,0,0,0,0,0,auto
13687,2,11,0,0,0,0,0,auto
13687,3,5,0,0,0,0,0,auto
13687,4,35,0,0,0,0,0,auto
13687,5,20,0,0,0,0,0,auto
13687,6,20,0,0,0,0,0,auto
13687,7,20,0,0,0,0,0,auto
13687,8,25,0,0,0,0,0,auto
13687,9,5,0,0,0,0,0,auto
13687,10,2,0,0,0,0,0,auto
13687,11,27,0,0,0,0,0,auto
13687,12,30,0,0,0,0,0,auto
13687,13,28,0,0,0,0,0,auto
13687,14,12,0,0,0,0,0,auto
13687,15,17,0,0,0,0,0,auto
13687,16,16,0,0,0,0,0,auto
15042,1,10,0,0,0,0,0,auto
15042,2,6,0,0,0,0,0,auto
15042,3,13,0,1,0,0,1,manual
15042,4,22,0,0,0,1,0,auto
15042,5,24,0,0,0,0,0,auto
15042,6,31,0,0,0,0,0,auto
15042,7,26,0,0,0,0,0,auto
15042,8,43,0,0,0,0,0,auto
15042,9,16,0,0,0,0,0,auto
15042,10,28,0,0,0,0,0,auto
15042,11,48,0,0,0,0,0,auto
15042,12,18,0,0,0,0,0,auto
15042,13,13,0,0,0,0,0,auto
15042,14,12,0,0,0,0,0,auto
15042,15,52,0,0,0,0,0,auto
15568,1,16,0,0,0,0,0,auto
15568,2,10,0,1,0,0,1,auto
15568,3,19,0,0,1,1,2,manual
15568,4,23,0,0,0,0,0,auto
15568,5,42,0,0,0,0,0,auto
15568,6,20,0,0,0,0,0,auto
15568,7,30,0,0,0,0,0,auto
15568,8,6,0,0,0,0,0,auto
15568,9,11,0,0,0,0,0,auto
15568,10,6,0,0,0,0,0,auto
15648,1,16,0,0,0,0,0,auto
15648,2,22,0,1,0,0,1,auto
15648,3,31,0,0,0,1,0,auto
15648,4,22,0,0,0,0,0,auto
15648,5,25,0,0,0,0,0,auto
15648,6,32,0,0,0,0,0,auto
15648,7,11,0,0,0,0,0,auto
15648,8,30,0,0,0,0,0,auto
15648,9,33,0,0,0,0,0,auto
15648,10,33,0,0,0,0,0,auto
15648,11,28,0,0,0,0,0,auto
15648,12,33,0,0,0,0,0,auto
15648,13,12,0,0,0,0,0,auto
15648,14,32,0,0,0,0,0,auto
15648,15,18,0,0,0,0,0,auto
15648,16,28,0,0,0,0,0,auto
15648,17,31,0,0,0,0,0,auto
15648,18,58,0,0,0,0,0,auto
15648,19,39,0,0,0,0,0,auto
15648,20,43,0,0,0,0,0,auto
15648,21,33,0,0,0,0,0,auto
15648,22,27,0,0,0,0,0,auto
15648,23,44,0,0,0,0,0,auto
15648,24,23,0,0,0,0,0,auto
15648,25,32,0,0,0,0,0,auto
15648,26,32,0,0,0,0,0,auto
15648,27,32,0,0,0,0,0,auto
15648,28,31,0,0,0,0,0,auto
15648,29,28,0,0,0,0,0,auto
15648,30,29,0,0,0,0,0,auto
15648,31,17,0,0,0,0,0,auto
15648,32,30,0,0,0,0,0,auto
15648,33,35,0,0,0,0,0,auto
15648,34,13,0,0,0,0,0,auto
15648,35,20,0,0,0,0,0,auto
15648,36,17,0,0,0,0,0,auto
15648,37,7,0,0,0,0,0,auto
17077,1,15,0,0,0,0,0,auto
17077,2,16,0,1,0,0,1,auto
17077,3,6,0,0,0,1,0,auto
17077,4,22,0,0,0,0,0,auto
17077,5,12,0,0,0,0,0,auto
17077,6,49,0,0,0,0,0,auto
17077,7,10,0,0,0,0,0,auto
17077,8,31,0,0,0,0,0,auto
17077,9,19,0,0,0,0,0,auto
17077,10,23,0,0,0,0,0,auto
17077,11,33,0,0,0,0,0,auto
17077,12,32,0,0,0,0,0,auto
17077,13,13,0,0,0,0,0,auto
17077,14,13,0,0,0,0,0,auto
17077,15,28,0,0,0,0,0,auto
17077,16,31,0,0,0,0,0,auto
17077,17,21,0,0,0,0,0,auto
18509,1,30,0,0,0,0,0,auto
18509,2,53,0,0,0,0,0,auto
18509,3,46,0,0,0,0,0,auto
20170,1,15,0,0,0,0,0,auto
20170,2,13,0,0,0,0,0,auto
20170,3,36,0,0,0,0,0,auto
20170,4,3,0,0,0,0,0,auto
20170,5,26,0,0,0,0,0,auto
20170,6,48,0,0,0,0,0,auto
20170,7,48,0,0,0,0,0,auto
20170,8,48,0,0,0,0,0,auto
20170,9,12,0,0,0,0,0,auto
20170,10,31,0,0,0,0,0,auto
20170,11,36,0,0,0,0,0,auto
20170,12,22,0,0,0,0,0,auto
20170,13,48,0,0,0,0,0,auto
20170,14,50,0,0,0,0,0,auto
20170,15,26,0,0,0,0,0,auto
20616,1,15,0,0,0,0,0,auto
20616,2,18,0,1,1,0,1,manual
20616,3,19,0,0,1,1,2,manual
20616,4,38,0,0,0,0,0,auto
20616,5,34,0,0,0,0,0,auto
20616,6,33,0,0,0,0,0,auto
20616,7,38,0,0,0,0,0,auto
20616,8,29,0,0,0,0,0,auto
20616,9,8,0,0,0,0,0,auto
20616,10,57,0,0,0,0,0,auto
20616,11,37,0,0,0,0,0,auto
21622,1,10,0,0,0,0,0,auto
21622,2,15,0,0,0,0,0,auto
21622,3,26,1,1,0,0,1,auto
21622,4,20,0,0,1,1,2,auto
21622,5,10,0,0,0,0,0,auto
21622,6,9,0,0,0,0,0,auto
21622,7,25,0,0,0,0,0,auto
21622,8,32,0,0,0,0,0,auto
21622,9,14,0,0,0,0,0,auto
21622,10,27,0,0,0,0,0,auto
21622,11,31,0,0,0,0,0,auto
21622,12,23,0,0,0,0,0,auto
21622,13,23,0,0,0,0,0,auto
21622,14,6,0,0,0,0,0,auto
21622,15,25,0,0,0,0,0,auto
21622,16,24,0,0,0,0,0,auto
21622,17,25,0,0,0,0,0,auto
21622,18,15,0,0,0,0,0,auto
21622,19,29,0,0,0,0,0,auto
21622,20,49,0,0,0,0,0,auto
21622,21,31,0,0,0,0,0,auto
21622,22,39,0,0,0,0,0,auto
21622,23,10,0,0,0,0,0,auto
21622,24,53,0,0,0,0,0,auto
21659,1,11,0,0,0,0,0,auto
21659,2,17,0,0,0,0,0,auto
21659,3,24,1,1,0,0,1,auto
21659,4,25,0,0,1,1,2,auto
21659,5,13,0,0,1,0,2,auto
21659,6,10,0,0,0,0,0,auto
21659,7,25,0,0,0,0,0,auto
21659,8,17,0,0,0,0,0,auto
21659,9,32,0,0,0,0,0,auto
21659,10,27,0,0,0,0,0,auto
21659,11,30,0,0,0,0,0,auto
21659,12,24,0,0,0,0,0,auto
21659,13,20,0,0,0,0,0,auto
21659,14,31,0,0,0,0,0,auto
21659,15,28,0,0,0,0,0,auto
21659,16,23,0,0,0,0,0,auto
21659,17,20,0,0,0,0,0,auto
21659,18,27,0,0,0,0,0,auto
21659,19,11,0,0,0,0,0,auto
21659,20,23,0,0,0,0,0,auto
21659,21,41,0,0,0,0,0,auto
21659,22,30,0,0,0,0,0,auto
21659,23,6,0,0,0,0,0,auto
21659,24,26,0,0,0,0,0,auto
21659,25,27,0,0,0,0,0,auto
21838,1,15,0,0,0,0,0,legacy
21838,2,20,0,0,0,0,0,legacy
21838,3,20,1,1,0,0,1,legacy
21838,4,31,0,0,1,1,2,manual
21838,5,14,0,0,0,0,0,legacy
21838,6,35,0,0,0,0,0,legacy
21838,7,25,0,0,0,0,0,legacy
21838,8,10,0,0,0,0,0,legacy
21838,9,12,0,0,0,0,0,legacy
21838,10,29,0,0,0,0,0,legacy
21838,11,15,0,0,0,0,0,legacy
21838,12,27,0,0,0,0,0,legacy
21838,13,26,0,0,0,0,0,legacy
21838,14,23,0,0,0,0,0,legacy
21838,15,19,0,0,0,0,0,legacy
21838,16,47,0,0,0,0,0,legacy
21838,17,27,0,0,0,0,0,legacy
21838,18,13,0,0,0,0,0,legacy
21838,19,27,0,0,0,0,0,legacy
21838,20,24,0,0,0,0,0,legacy
21838,21,22,0,0,0,0,0,legacy
21838,22,41,0,0,0,0,0,legacy
21838,23,27,0,0,0,0,0,legacy
21838,24,11,0,0,0,0,0,legacy
21838,25,10,0,0,0,0,0,legacy
21899,1,8,0,0,0,0,0,auto
21899,2,12,0,0,0,0,0,auto
21899,3,8,0,1,0,0,1,manual
21899,4,6,0,0,0,1,0,auto
21899,5,28,0,0,0,0,0,auto
21899,6,27,0,0,0,0,0,auto
21899,7,31,0,0,0,0,0,auto
21899,8,49,0,0,0,0,0,auto
21899,9,34,0,0,0,0,0,auto
22568,1,10,0,0,0,0,0,auto
22568,2,12,0,0,0,0,0,auto
22568,3,18,0,1,0,0,1,auto
22568,4,13,0,0,0,1,0,auto
22568,5,9,0,0,0,0,0,auto
22568,6,34,0,0,0,0,0,auto
22568,7,31,0,0,0,0,0,auto
22568,8,28,0,0,0,0,0,auto
22568,9,9,0,0,0,0,0,auto
22568,10,31,0,0,0,0,0,auto
22568,11,24,0,0,0,0,0,auto
22568,12,31,0,0,0,0,0,auto
22568,13,11,0,0,0,0,0,auto
22568,14,12,0,0,0,0,0,auto
22570,1,14,0,0,0,0,0,auto
22570,2,19,0,1,0,0,1,auto
22570,3,13,0,0,0,1,0,auto
22570,4,6,0,0,0,0,0,auto
22570,5,39,0,0,0,0,0,auto
22570,6,32,0,0,0,0,0,auto
22570,7,31,0,0,0,0,0,auto
22570,8,34,0,0,0,0,0,auto
22570,9,33,0,0,0,0,0,auto
22570,10,25,0,0,0,0,0,auto
22701,1,10,0,0,0,0,0,legacy
22701,2,8,0,0,0,0,0,legacy
22701,3,11,0,1,0,0,1,legacy
22701,4,22,0,0,0,1,0,legacy
22701,5,38,0,0,0,0,0,legacy
22701,6,24,0,0,0,0,0,legacy
22701,7,24,0,0,1,0,2,auto
22701,8,40,0,0,0,0,0,legacy
22701,9,46,0,0,0,0,0,legacy
22701,10,27,0,0,0,0,0,legacy
22701,11,26,0,0,0,0,0,legacy
22701,12,26,0,0,0,0,0,legacy
22701,13,23,0,0,0,0,0,legacy
22701,14,15,0,0,0,0,0,legacy
23067,1,15,0,0,0,0,0,auto
23067,2,19,0,0,0,0,0,auto
23067,3,13,1,1,0,0,1,auto
23067,4,43,0,0,1,1,2,manual
23067,5,45,0,0,0,0,0,auto
23067,6,9,0,0,1,0,2,auto
23067,7,19,0,0,1,0,2,auto
23067,8,20,0,0,1,0,2,auto
23067,9,6,0,0,1,0,2,auto
23067,10,39,0,0,0,0,0,auto
23067,11,46,0,0,0,0,0,auto
23067,12,30,0,0,0,0,0,auto
23067,13,41,0,0,0,0,0,auto
23067,14,43,0,0,0,0,0,auto
23067,15,49,0,0,0,0,0,auto
23067,16,38,0,0,0,0,0,auto
23067,17,23,0,0,0,0,0,auto
23067,18,10,0,0,0,0,0,auto
23067,19,5,0,0,0,0,0,auto
23067,20,8,0,0,0,0,0,auto
23067,21,3,0,0,0,0,0,auto
23067,22,5,0,0,0,0,0,auto
23067,23,4,0,0,0,0,0,auto
23067,24,6,0,0,0,0,0,auto
23067,25,2,0,0,0,0,0,auto
23067,26,8,0,0,0,0,0,auto
23067,27,5,0,0,0,0,0,auto
23067,28,3,0,0,0,0,0,auto
23067,29,9,0,0,0,0,0,auto
23067,30,5,0,0,0,0,0,auto
23067,31,4,0,0,0,0,0,auto
23067,32,4,0,0,0,0,0,auto
23067,33,5,0,0,0,0,0,auto
23067,34,10,0,0,0,0,0,auto
23067,35,5,0,0,0,0,0,auto
23067,36,5,0,0,0,0,0,auto
23067,37,11,0,0,0,0,0,auto
23067,38,7,0,0,0,0,0,auto
23067,39,4,0,0,0,0,0,auto
23067,40,4,0,0,0,0,0,auto
23067,41,3,0,0,0,0,0,auto
23067,42,3,0,0,0,0,0,auto
23067,43,6,0,0,0,0,0,auto
23067,44,4,0,0,0,0,0,auto
23067,45,4,0,0,0,0,0,auto
23067,46,5,0,0,0,0,0,auto
23067,47,5,0,0,0,0,0,auto
23067,48,2,0,0,0,0,0,auto
23067,49,2,0,0,0,0,0,auto
23067,50,5,0,0,0,0,0,auto
23067,51,4,0,0,0,0,0,auto
23067,52,3,0,0,0,0,0,auto
23067,53,3,0,0,0,0,0,auto
23067,54,4,0,0,0,0,0,auto
23067,55,2,0,0,0,0,0,auto
23067,56,2,0,0,0,0,0,auto
23067,57,16,0,0,0,0,0,auto
23508,1,14,0,0,0,0,0,auto
23508,2,10,0,0,0,0,0,auto
23508,3,12,0,0,0,0,0,auto
23508,4,26,1,1,0,0,1,auto
23508,5,27,1,1,0,1,1,auto
23508,6,24,1,1,0,1,1,auto
23508,7,30,0,0,1,1,2,auto
23508,8,34,0,0,1,0,2,auto
23508,9,11,0,0,1,0,2,auto
23508,10,38,0,0,1,0,2,manual
23508,11,38,0,0,1,0,2,manual
23508,12,39,0,0,1,0,2,manual
23508,13,6,0,0,1,0,2,manual
23508,14,5,0,0,1,0,2,manual
23508,15,32,0,0,0,0,0,auto
23508,16,33,0,0,0,0,0,auto
23508,17,8,0,0,0,0,0,auto
23508,18,43,0,0,0,0,0,auto
23508,19,43,0,0,0,0,0,auto
23508,20,40,0,0,0,0,0,auto
23508,21,52,0,0,0,0,0,auto
23508,22,49,0,0,0,0,0,auto
23508,23,9,0,0,0,0,0,auto
23508,24,26,0,0,0,0,0,auto
23508,25,48,0,0,0,0,0,auto
23508,26,27,0,0,0,0,0,auto
23508,27,18,0,0,0,0,0,auto
23508,28,24,0,0,0,0,0,auto
23508,29,47,0,0,0,0,0,auto
23508,30,60,0,0,0,0,0,auto
23508,31,56,0,0,0,0,0,auto
23508,32,60,0,0,0,0,0,auto
23508,33,48,0,0,0,0,0,auto
23508,34,52,0,0,0,0,0,auto
23508,35,48,0,0,0,0,0,auto
23508,36,57,0,0,0,0,0,auto
23508,37,61,0,0,0,0,0,auto
23508,38,48,0,0,0,0,0,auto
23508,39,38,0,0,0,0,0,auto
23508,40,39,0,0,0,0,0,auto
23508,41,61,0,0,0,0,0,auto
23508,42,18,0,0,0,0,0,auto
23508,43,52,0,0,0,0,0,auto
23508,44,40,0,0,0,0,0,auto
23508,45,20,0,0,0,0,0,auto
23508,46,18,0,0,0,0,0,auto
23508,47,18,0,0,0,0,0,auto
23508,48,17,0,0,0,0,0,auto
23508,49,46,0,0,0,0,0,auto
23508,50,22,0,0,0,0,0,auto
23508,51,22,0,0,0,0,0,auto
23508,52,23,0,0,0,0,0,auto
23508,53,16,0,0,0,0,0,auto
23508,54,36,0,0,0,0,0,auto
23508,55,47,0,0,0,0,0,auto
23508,56,35,0,0,0,0,0,auto
23508,57,43,0,0,0,0,0,auto
23508,58,44,0,0,0,0,0,auto
23508,59,39,0,0,0,0,0,auto
23508,60,24,0,0,0,0,0,auto
23508,61,26,0,0,0,0,0,auto
23508,62,47,0,0,0,0,0,auto
23508,63,28,0,0,0,0,0,auto
23508,64,57,0,0,0,0,0,auto
23508,65,40,0,0,0,0,0,auto
23508,66,13,0,0,0,0,0,auto
23508,67,16,0,0,0,0,0,auto
23508,68,48,0,0,0,0,0,auto
23508,69,10,0,0,0,0,0,auto
23508,70,29,0,0,0,0,0,auto
23508,71,30,0,0,0,0,0,auto
23508,72,50,0,0,0,0,0,auto
23508,73,46,0,0,0,0,0,auto
23508,74,12,0,0,0,0,0,auto
23508,75,20,0,0,0,0,0,auto
23508,76,41,0,0,0,0,0,auto
23508,77,15,0,0,0,0,0,auto
23508,78,18,0,0,0,0,0,auto
23508,79,46,0,0,0,0,0,auto
23508,80,14,0,0,0,0,0,auto
23508,81,21,0,0,0,0,0,auto
23508,82,18,0,0,0,0,0,auto
23508,83,20,0,0,0,0,0,auto
23508,84,48,0,0,0,0,0,auto
23508,85,5,0,0,0,0,0,auto
23508,86,42,0,0,0,0,0,auto
23508,87,38,0,0,0,0,0,auto
23508,88,36,0,0,0,0,0,auto
23508,89,40,0,0,0,0,0,auto
23508,90,44,0,0,0,0,0,auto
23508,91,44,0,0,0,0,0,auto
23508,92,44,0,0,0,0,0,auto
23508,93,40,0,0,0,0,0,auto
23508,94,42,0,0,0,0,0,auto
23508,95,45,0,0,0,0,0,auto
23508,96,49,0,0,0,0,0,auto
23508,97,24,0,0,0,0,0,auto
23508,98,20,0,0,0,0,0,auto
23508,99,20,0,0,0,0,0,auto
23508,100,17,0,0,0,0,0,auto
23508,101,13,0,0,0,0,0,auto
23508,102,26,0,0,0,0,0,auto
23508,103,65,0,0,0,0,0,auto
23508,104,31,0,0,0,0,0,auto
23508,105,50,0,0,0,0,0,auto
23508,106,52,0,0,0,0,0,auto
23508,107,49,0,0,0,0,0,auto
23508,108,14,0,0,0,0,0,auto
23508,109,21,0,0,0,0,0,auto
23508,110,14,0,0,0,0,0,auto
23508,111,12,0,0,0,0,0,auto
23508,112,41,0,0,0,0,0,auto
23508,113,19,0,0,0,0,0,auto
23508,114,52,0,0,0,0,0,auto
23508,115,39,0,0,0,0,0,auto
23508,116,36,0,0,0,0,0,auto
23508,117,31,0,0,0,0,0,auto
23508,118,36,0,0,0,0,0,auto
23508,119,36,0,0,0,0,0,auto
23508,120,34,0,0,0,0,0,auto
23508,121,40,0,0,0,0,0,auto
23508,122,31,0,0,0,0,0,auto
23508,123,43,0,0,0,0,0,auto
23508,124,14,0,0,0,0,0,auto
23508,125,45,0,0,0,0,0,auto
23508,126,33,0,0,0,0,0,auto
23508,127,31,0,0,0,0,0,auto
23508,128,31,0,0,0,0,0,auto
23508,129,22,0,0,0,0,0,auto
23508,130,36,0,0,0,0,0,auto
23508,131,29,0,0,0,0,0,auto
23508,132,18,0,0,0,0,0,auto
23508,133,60,0,0,0,0,0,auto
23508,134,19,0,0,0,0,0,auto
23508,135,16,0,0,0,0,0,auto
23508,136,20,0,0,0,0,0,auto
23543,1,11,0,0,0,0,0,legacy
23543,2,12,0,0,0,0,0,legacy
23543,3,61,0,0,0,0,0,legacy
23543,4,17,1,1,0,0,1,legacy
23543,5,41,0,0,0,1,0,legacy
23543,6,35,0,0,0,0,0,legacy
23543,7,18,0,0,0,0,0,legacy
23545,1,11,0,0,0,0,0,auto
23545,2,6,0,0,0,0,0,auto
23545,3,11,0,1,1,0,1,auto
23545,4,13,0,0,1,1,2,auto
23545,5,26,0,0,0,0,0,auto
23545,6,32,0,0,0,0,0,auto
23545,7,16,0,0,0,0,0,auto
23545,8,44,0,0,0,0,0,auto
23545,9,21,0,0,0,0,0,auto
23545,10,33,0,0,0,0,0,auto
23545,11,34,0,0,0,0,0,auto
23545,12,34,0,0,0,0,0,auto
23545,13,40,0,0,0,0,0,auto
23545,14,40,0,0,0,0,0,auto
23545,15,40,0,0,0,0,0,auto
23545,16,14,0,0,0,0,0,auto
23545,17,36,0,0,0,0,0,auto
23545,18,14,0,0,0,0,0,auto
23732,1,16,0,0,0,0,0,auto
23732,2,12,0,0,0,0,0,auto
23732,3,34,0,1,0,0,1,auto
23732,4,27,0,0,0,1,0,auto
23732,5,20,0,0,0,0,0,auto
23732,6,40,0,0,0,0,0,auto
23732,7,32,0,0,0,0,0,auto
23732,8,23,0,0,0,0,0,auto
23732,9,32,0,0,0,0,0,auto
23732,10,34,0,0,0,0,0,auto
23732,11,40,0,0,0,0,0,auto
23732,12,17,0,0,0,0,0,auto
23732,13,37,0,0,0,0,0,auto
23732,14,22,0,0,0,0,0,auto
23732,15,7,0,0,0,0,0,auto
23732,16,20,0,0,0,0,0,auto
24020,1,17,0,0,0,0,0,auto
24020,2,18,0,1,0,0,1,auto
24020,3,30,0,0,0,1,0,auto
24020,4,29,0,0,0,0,0,auto
24020,5,37,0,0,0,0,0,auto
24020,6,30,0,0,0,0,0,auto
24020,7,32,0,0,1,0,2,auto
24020,8,24,0,0,0,0,0,auto
24020,9,29,0,0,0,0,0,auto
24020,10,32,0,0,0,0,0,auto
24020,11,28,0,0,0,0,0,auto
24020,12,35,0,0,0,0,0,auto
24020,13,33,0,0,0,0,0,auto
24020,14,68,0,0,0,0,0,auto
24020,15,33,0,1,0,0,0,manual
24020,16,25,0,0,0,0,0,auto
24352,1,9,0,0,0,0,0,auto
24352,2,11,0,0,0,0,0,auto
24352,3,20,0,0,0,0,0,auto
24352,4,18,1,1,0,0,1,auto
24352,5,27,0,0,1,1,2,auto
24352,6,47,0,0,0,0,0,auto
24352,7,35,0,0,0,0,0,auto
24352,8,41,0,0,0,0,0,auto
24352,9,22,0,0,0,0,0,auto
24352,10,28,0,0,0,0,0,auto
24352,11,45,0,0,0,0,0,auto
24352,12,47,0,0,0,0,0,auto
24352,13,37,0,0,0,0,0,auto
24352,14,29,0,0,0,0,0,auto
24357,1,23,0,0,0,0,0,auto
24357,2,12,0,1,0,0,1,auto
24357,3,12,0,0,1,1,2,auto
24357,4,28,0,0,0,0,0,auto
24357,5,28,0,0,0,0,0,auto
24357,6,42,0,0,0,0,0,auto
24357,7,21,0,0,0,0,0,auto
24357,8,30,0,0,0,0,0,auto
24357,9,48,0,0,0,0,0,auto
24357,10,20,0,0,0,0,0,auto
24362,1,12,0,0,0,0,0,legacy
24362,2,9,0,0,0,0,0,legacy
24362,3,16,1,1,1,0,1,legacy
24362,4,8,0,0,0,1,0,legacy
24362,5,38,0,0,0,0,0,legacy
24362,6,35,0,0,0,0,0,legacy
24362,7,20,0,0,0,0,0,legacy
24526,1,11,0,0,0,0,0,auto
24526,2,17,0,0,0,0,0,auto
24526,3,26,1,1,0,0,1,auto
24526,4,26,0,0,1,1,2,auto
24526,5,27,0,0,0,0,0,auto
24526,6,9,0,0,0,0,0,auto
24526,7,21,0,0,0,0,0,auto
24526,8,32,0,0,0,0,0,auto
24526,9,43,0,0,0,0,0,auto
24526,10,35,0,0,0,0,0,auto
24526,11,25,0,0,0,0,0,auto
24526,12,32,0,0,0,0,0,auto
24526,13,53,0,0,0,0,0,auto
24526,14,41,0,0,0,0,0,auto
24526,15,40,0,0,0,0,0,auto
24526,16,37,0,0,0,0,0,auto
24526,17,40,0,0,0,0,0,auto
24526,18,37,0,0,0,0,0,auto
24526,19,35,0,0,0,0,0,auto
24526,20,36,0,0,0,0,0,auto
24526,21,38,0,0,0,0,0,auto
24526,22,26,0,0,0,0,0,auto
24526,23,31,0,0,0,0,0,auto
24526,24,17,0,0,0,0,0,auto
24526,25,27,0,0,0,0,0,auto
24754,1,23,0,0,0,0,0,auto
24754,2,13,0,0,0,0,0,auto
24754,3,15,1,1,0,0,1,auto
24754,4,23,0,0,0,1,0,auto
24755,1,13,0,0,0,0,0,auto
24755,2,13,0,0,0,0,0,auto
24755,3,27,1,1,0,0,1,auto
24755,4,6,0,0,0,1,0,auto
24755,5,32,0,0,1,0,2,manual
24755,6,15,0,0,1,0,2,auto
24755,7,19,0,0,1,0,2,auto
24755,8,30,0,0,0,0,0,auto
24755,9,5,0,0,0,0,0,auto
24755,10,30,0,0,0,0,0,auto
24755,11,29,0,0,0,0,0,auto
24755,12,36,0,0,0,0,0,auto
24755,13,42,0,0,0,0,0,auto
24755,14,41,0,0,0,0,0,auto
24755,15,36,0,0,0,0,0,auto
24755,16,36,0,0,0,0,0,auto
24755,17,33,0,0,0,0,0,auto
24755,18,29,0,0,0,0,0,auto
24755,19,30,0,0,0,0,0,auto
24755,20,37,0,0,0,0,0,auto
24755,21,23,0,0,0,0,0,auto
24755,22,41,0,0,0,0,0,auto
24755,23,40,0,0,0,0,0,auto
24755,24,32,0,0,0,0,0,auto
24755,25,35,0,0,0,0,0,auto
24755,26,38,0,0,0,0,0,auto
24755,27,36,0,0,0,0,0,auto
24755,28,38,0,0,0,0,0,auto
24755,29,3,0,0,0,0,0,auto
24755,30,36,0,0,0,0,0,auto
24755,31,12,0,0,0,0,0,auto
25125,1,14,0,0,0,0,0,auto
25125,2,20,0,0,0,0,0,auto
25125,3,15,0,0,0,0,0,auto
25125,4,12,1,1,0,0,1,auto
25125,5,29,0,0,1,1,2,auto
25125,6,7,0,0,1,0,2,manual
25125,7,43,0,0,0,0,0,auto
25125,8,45,0,0,0,0,0,auto
25125,9,46,0,0,0,0,0,auto
25125,10,44,0,0,0,0,0,auto
25125,11,48,0,0,0,0,0,auto
25125,12,26,0,0,0,0,0,auto
25125,13,28,0,0,0,0,0,auto
25125,14,6,0,0,0,0,0,auto
25125,15,18,0,0,0,0,0,auto
25551,1,12,0,0,0,0,0,legacy
25551,2,16,0,0,0,0,0,legacy
25551,3,16,1,1,0,0,1,legacy
25551,4,14,0,0,1,1,2,auto
25758,1,12,0,0,0,0,0,auto
25758,2,15,0,0,0,0,0,auto
25758,3,15,1,1,0,0,1,auto
25758,4,9,0,0,1,1,2,auto
25758,5,6,0,0,0,0,0,auto
25758,6,30,0,0,0,0,0,auto
25758,7,35,0,0,0,0,0,auto
25758,8,32,0,0,0,0,0,auto
25758,9,32,0,0,0,0,0,auto
25758,10,34,0,0,0,0,0,auto
25758,11,33,0,0,0,0,0,auto
25758,12,15,0,0,0,0,0,auto
25883,1,8,0,0,0,0,0,auto
25883,2,11,0,0,0,0,0,auto
25883,3,19,1,1,0,0,1,auto
25883,4,12,0,0,1,1,2,auto
25883,5,5,0,0,0,0,0,auto
25883,6,31,0,0,0,0,0,auto
25883,7,47,0,0,0,0,0,auto
25883,8,33,0,0,0,0,0,auto
25883,9,31,0,0,0,0,0,auto
25883,10,9,0,0,0,0,0,auto
25883,11,31,0,0,0,0,0,auto
25915,1,9,0,0,0,0,0,auto
25915,2,11,0,0,0,0,0,auto
25915,3,16,1,1,0,0,1,auto
25915,4,12,0,0,1,1,2,auto
25915,5,8,0,0,0,0,0,auto
25915,6,31,0,0,0,0,0,auto
25915,7,34,0,0,0,0,0,auto
25915,8,29,0,0,0,0,0,auto
26114,1,13,0,0,0,0,0,legacy
26114,2,14,0,0,0,0,0,legacy
26114,3,23,1,1,0,0,1,legacy
26114,4,18,0,0,1,1,2,auto
26114,5,12,0,0,0,0,0,legacy
26114,6,31,0,0,0,0,0,legacy
26114,7,30,0,0,0,0,0,legacy
26114,8,39,0,0,0,0,0,legacy
26114,9,35,0,0,0,0,0,legacy
26114,10,34,0,0,0,0,0,legacy
26114,11,32,0,0,0,0,0,legacy
26114,12,50,0,0,0,0,0,legacy
26114,13,48,0,0,0,0,0,legacy
26114,14,11,0,0,0,0,0,legacy
26114,15,24,0,0,0,0,0,legacy
26114,16,40,0,0,0,0,0,legacy
26114,17,34,0,0,0,0,0,legacy
26114,18,5,0,0,0,0,0,legacy
26168,1,18,0,0,0,0,0,legacy
26168,2,26,1,1,0,0,1,legacy
26168,3,16,0,0,1,1,2,manual
26168,4,11,0,0,0,0,0,legacy
26168,5,30,0,0,0,0,0,legacy
26168,6,34,0,0,0,0,0,legacy
26168,7,18,0,0,0,0,0,legacy
26168,8,15,0,0,0,0,0,legacy
26168,9,14,0,0,0,0,0,legacy
26169,1,14,0,0,0,0,0,auto
26169,2,26,0,1,0,0,1,auto
26169,3,22,0,0,0,1,0,auto
26169,4,13,0,0,0,0,0,auto
26169,5,35,0,0,0,0,0,auto
26169,6,19,0,0,0,0,0,auto
26169,7,34,0,0,0,0,0,auto
26169,8,24,0,0,0,0,0,auto
26169,9,62,0,0,0,0,0,auto
26169,10,14,0,0,0,0,0,auto
26169,11,8,0,0,0,0,0,auto
26169,12,39,0,0,0,0,0,auto
26169,13,43,0,0,0,0,0,auto
26515,1,13,0,0,0,0,0,legacy
26515,2,13,0,0,0,0,0,legacy
26515,3,16,1,1,0,0,1,legacy
26515,4,11,0,0,1,1,2,auto
26515,5,7,0,0,0,0,0,legacy
26515,6,31,0,0,0,0,0,legacy
26515,7,32,0,0,0,0,0,legacy
26515,8,37,0,0,0,0,0,legacy
26515,9,38,0,0,0,0,0,legacy
26515,10,33,0,0,0,0,0,legacy
26515,11,41,0,0,0,0,0,legacy
26515,12,38,0,0,0,0,0,legacy
26515,13,29,0,0,0,0,0,legacy
26515,14,16,0,0,0,0,0,legacy
26515,15,11,0,0,0,0,0,legacy
26518,1,11,0,0,0,0,0,legacy
26518,2,12,0,0,0,0,0,legacy
26518,3,20,1,1,0,0,1,legacy
26518,4,13,0,0,1,1,2,auto
26518,5,5,0,0,0,0,0,legacy
26518,6,31,0,0,0,0,0,legacy
26518,7,49,0,0,0,0,0,legacy
26518,8,33,0,0,0,0,0,legacy
26518,9,27,0,0,0,0,0,legacy
26518,10,12,0,0,0,0,0,legacy
26518,11,28,0,0,0,0,0,legacy
26520,1,14,0,0,0,0,0,auto
26520,2,15,0,0,0,0,0,auto
26520,3,24,1,1,0,0,1,auto
26520,4,25,0,0,1,1,2,manual
26520,5,14,0,0,0,0,0,auto
26520,6,36,0,0,0,0,0,auto
26520,7,43,0,0,0,0,0,auto
26520,8,36,0,0,0,0,0,auto
26520,9,39,0,0,0,0,0,auto
26520,10,41,0,0,0,0,0,auto
26520,11,42,0,0,0,0,0,auto
26520,12,29,0,0,0,0,0,auto
26520,13,39,0,0,0,0,0,auto
26520,14,38,0,0,0,0,0,auto
26520,15,24,0,0,0,0,0,auto
26520,16,40,0,0,0,0,0,auto
26520,17,36,0,0,0,0,0,auto
26520,18,5,0,0,0,0,0,auto
26520,19,35,0,0,0,0,0,auto
26520,20,29,0,0,0,0,0,auto
26520,21,22,0,0,0,0,0,auto
26520,22,20,0,0,0,0,0,auto
26525,1,14,0,0,0,0,0,legacy
26525,2,14,0,0,0,0,0,legacy
26525,3,24,1,1,0,0,1,legacy
26525,4,23,0,0,1,1,2,auto
26525,5,19,0,0,0,0,0,legacy
26525,6,39,0,0,0,0,0,legacy
26525,7,45,0,0,0,0,0,legacy
26525,8,36,0,0,0,0,0,legacy
26525,9,33,0,0,0,0,0,legacy
26525,10,41,0,0,0,0,0,legacy
26525,11,40,0,0,0,0,0,legacy
26525,12,39,0,0,0,0,0,legacy
26525,13,41,0,0,0,0,0,legacy
26525,14,42,0,0,0,0,0,legacy
26525,15,43,0,0,0,0,0,legacy
26525,16,46,0,0,0,0,0,legacy
26525,17,29,0,0,0,0,0,legacy
26525,18,39,0,0,0,0,0,legacy
26525,19,36,0,0,0,0,0,legacy
26525,20,42,0,0,0,0,0,legacy
26525,21,37,0,0,0,0,0,legacy
26525,22,38,0,0,0,0,0,legacy
26525,23,19,0,0,0,0,0,legacy
26525,24,33,0,0,0,0,0,legacy
26525,25,41,0,0,0,0,0,legacy
26525,26,29,0,0,0,0,0,legacy
26845,1,14,0,0,0,0,0,legacy
26845,2,15,0,0,0,0,0,legacy
26845,3,17,1,1,0,0,1,legacy
26845,4,19,0,0,1,1,2,auto
26845,5,13,0,0,0,0,0,legacy
26845,6,33,0,0,0,0,0,legacy
26845,7,35,0,0,0,0,0,legacy
26845,8,35,0,0,0,0,0,legacy
26845,9,38,0,0,0,0,0,legacy
26845,10,34,0,0,0,0,0,legacy
26845,11,38,0,0,0,0,0,legacy
26845,12,34,0,0,0,0,0,legacy
26845,13,32,0,0,0,0,0,legacy
26845,14,61,0,0,0,0,0,legacy
26845,15,17,0,0,0,0,0,legacy
26845,16,28,0,0,0,0,0,legacy
26845,17,24,0,0,0,0,0,legacy
26853,1,14,0,0,0,0,0,auto
26853,2,14,0,0,0,0,0,auto
26853,3,28,1,1,0,0,1,auto
26853,4,23,0,0,1,1,2,auto
26853,5,28,0,0,1,0,2,manual
26853,6,32,0,0,0,0,0,auto
26853,7,28,0,0,0,0,0,auto
26853,8,46,0,0,0,0,0,auto
26853,9,33,0,0,0,0,0,auto
26853,10,44,0,0,0,0,0,auto
26853,11,35,0,0,0,0,0,auto
26853,12,23,0,0,0,0,0,auto
26853,13,37,0,0,0,0,0,auto
26853,14,24,0,0,0,0,0,auto
26853,15,26,0,0,0,0,0,auto
26853,16,19,0,0,0,0,0,auto
26853,17,27,0,0,0,0,0,auto
26853,18,27,0,0,0,0,0,auto
26853,19,34,0,0,0,0,0,auto
26853,20,39,0,0,0,0,0,auto
26853,21,36,0,0,0,0,0,auto
26853,22,23,0,0,0,0,0,auto
26853,23,45,0,0,0,0,0,auto
26853,24,24,0,0,0,0,0,auto
26853,25,38,0,0,0,0,0,auto
26853,26,39,0,0,0,0,0,auto
26853,27,24,0,0,0,0,0,auto
26853,28,33,0,0,0,0,0,auto
26853,29,37,0,0,0,0,0,auto
26853,30,37,0,0,0,0,0,auto
26853,31,29,0,0,0,0,0,auto
26853,32,35,0,0,0,0,0,auto
26853,33,14,0,0,0,0,0,auto
27409,1,13,0,0,0,0,0,legacy
27409,2,12,0,0,0,0,0,legacy
27409,3,14,1,1,0,0,1,legacy
27409,4,12,0,0,1,1,2,auto
27409,5,11,0,0,0,0,0,legacy
27409,6,31,0,0,0,0,0,legacy
27409,7,43,0,0,0,0,0,legacy
27409,8,32,0,0,0,0,0,legacy
27409,9,28,0,0,0,0,0,legacy
27409,10,37,0,0,0,0,0,legacy
27409,11,5,0,0,0,0,0,legacy
27958,1,12,0,0,0,0,0,legacy
27958,2,14,0,0,0,0,0,legacy
27958,3,10,1,1,0,0,1,legacy
27958,4,6,0,0,1,1,2,auto
27958,5,6,0,0,0,0,0,legacy
27958,6,34,0,0,0,0,0,legacy
27958,7,9,0,0,0,0,0,legacy
27972,1,18,0,0,0,0,0,legacy
27972,2,17,0,0,0,0,0,legacy
27972,3,26,1,1,0,0,1,legacy
27972,4,19,0,0,1,1,2,auto
27972,5,23,0,0,1,0,2,manual
27972,6,31,0,0,0,0,0,legacy
27972,7,33,0,0,0,0,0,legacy
27972,8,52,0,0,0,0,0,legacy
27972,9,31,0,0,0,0,0,legacy
27972,10,41,0,0,0,0,0,legacy
27972,11,39,0,0,0,0,0,legacy
27972,12,35,0,0,0,0,0,legacy
27972,13,41,0,0,0,0,0,legacy
27972,14,36,0,0,0,0,0,legacy
27972,15,32,0,0,0,0,0,legacy
27972,16,42,0,0,0,0,0,legacy
27972,17,15,0,0,0,0,0,legacy
27972,18,31,0,0,0,0,0,legacy
27972,19,2,0,0,0,0,0,legacy
27972,20,45,0,0,0,0,0,legacy
27972,21,34,0,0,0,0,0,legacy
27972,23,8,0,0,0,0,0,legacy
27972,24,34,0,0,0,0,0,legacy
27972,25,24,0,0,0,0,0,legacy
27972,26,23,0,0,0,0,0,auto
28066,1,13,0,0,0,0,0,auto
28066,2,14,0,0,0,0,0,auto
28066,3,8,1,1,0,0,1,auto
28066,4,7,0,0,1,1,2,auto
28066,5,31,0,0,0,0,0,auto
28066,6,38,0,0,0,0,0,auto
28066,7,17,0,0,0,0,0,auto
28184,1,15,0,0,0,0,0,auto
28184,2,14,0,0,0,0,0,auto
28184,3,18,1,1,0,0,1,auto
28184,4,45,0,0,1,1,2,manual
28184,5,37,0,0,1,0,2,manual
28184,6,15,0,0,1,0,2,auto
28184,7,9,0,0,0,0,0,auto
28184,8,35,0,0,0,0,0,auto
28184,9,39,0,0,0,0,0,auto
28184,10,37,0,0,0,0,0,auto
28184,11,24,0,0,0,0,0,auto
28184,12,40,0,0,0,0,0,auto
28184,13,39,0,0,0,0,0,auto
28184,14,65,0,0,0,0,0,auto
28184,15,10,0,0,0,0,0,auto
28184,16,23,0,0,0,0,0,auto
28184,17,31,0,0,0,0,0,auto
28184,18,26,0,0,0,0,0,auto
28184,19,8,0,0,0,0,0,auto
28184,20,37,0,0,0,0,0,auto
28184,21,25,0,0,0,0,0,auto
28184,22,19,0,0,0,0,0,auto
28184,23,21,0,0,0,0,0,auto
28184,24,16,0,0,0,0,0,auto
28184,25,28,0,0,0,0,0,auto
28184,26,22,0,0,0,0,0,auto
28184,27,23,0,0,0,0,0,auto
28184,28,25,0,0,0,0,0,auto
28184,29,29,0,0,0,0,0,auto
28184,30,25,0,0,0,0,0,auto
28184,31,28,0,0,0,0,0,auto
28184,32,28,0,0,0,0,0,auto
28184,33,27,0,0,0,0,0,auto
28184,34,18,0,0,0,0,0,auto
28184,35,15,0,0,0,0,0,auto
28184,36,13,0,0,0,0,0,auto
28184,37,35,0,0,0,0,0,auto
28184,38,26,0,0,0,0,0,auto
28184,39,15,0,0,0,0,0,auto
28184,40,14,0,0,0,0,0,auto
28184,41,15,0,0,0,0,0,auto
28184,42,14,0,0,0,0,0,auto
28184,43,32,0,0,0,0,0,auto
28184,44,25,0,0,0,0,0,auto
28184,45,14,0,0,0,0,0,auto
28184,46,15,0,0,0,0,0,auto
28184,47,41,0,0,0,0,0,auto
28184,48,38,0,0,0,0,0,auto
28184,49,43,0,0,0,0,0,auto
28184,50,9,0,0,0,0,0,auto
28209,1,14,0,0,0,0,0,auto
28209,2,14,0,0,0,0,0,auto
28209,3,18,1,1,0,0,1,auto
28209,4,14,0,0,1,1,2,auto
28209,5,8,0,0,0,0,0,auto
28209,6,33,0,0,0,0,0,auto
28209,7,54,0,0,0,0,0,auto
28209,8,33,0,0,0,0,0,auto
28209,9,27,0,0,0,0,0,auto
28209,10,32,0,0,0,0,0,auto
28209,11,30,0,0,0,0,0,auto
28209,12,20,0,0,0,0,0,auto
28209,13,32,0,0,0,0,0,auto
28209,14,35,0,0,0,0,0,auto
28298,1,15,0,0,0,0,0,legacy
28298,2,16,0,0,0,0,0,legacy
28298,3,15,1,1,0,0,1,legacy
28298,4,13,0,0,1,1,2,auto
28298,5,34,0,0,0,0,0,legacy
28298,6,30,0,0,0,0,0,legacy
28298,7,34,0,0,0,0,0,legacy
28298,8,25,0,0,0,0,0,legacy
28298,9,24,0,0,0,0,0,legacy
28298,10,15,0,0,0,0,0,legacy
28298,11,13,0,0,0,0,0,legacy
28298,12,16,0,0,0,0,0,legacy
28544,1,13,0,0,0,0,0,auto
28544,2,13,0,0,0,0,0,auto
28544,3,13,1,1,0,0,1,auto
28544,4,7,0,0,1,1,2,auto
28544,5,6,0,0,0,0,0,auto
28544,6,35,0,0,0,0,0,auto
28544,7,39,0,0,0,0,0,auto
28544,8,33,0,0,0,0,0,auto
28544,9,48,0,0,0,0,0,auto
28544,10,38,0,0,0,0,0,auto
28747,1,16,0,0,0,0,0,auto
28747,2,15,0,0,0,0,0,auto
28747,3,14,1,1,0,0,1,auto
28747,4,19,0,0,1,1,2,auto
28747,5,9,0,0,1,0,2,auto
28747,6,27,0,0,0,0,0,auto
28747,7,32,0,0,0,0,0,auto
28747,8,37,0,0,0,0,0,auto
28747,9,40,0,0,0,0,0,auto
28747,10,11,0,0,0,0,0,auto
28747,11,41,0,0,0,0,0,auto
28747,12,40,0,0,0,0,0,auto
28747,13,18,0,0,0,0,0,auto
28747,14,36,0,0,0,0,0,auto
28747,15,35,0,0,0,0,0,auto
28882,1,21,0,0,0,0,0,auto
28882,2,16,0,0,0,0,0,auto
28882,3,28,1,1,0,0,1,auto
28882,4,25,0,0,1,1,2,auto
29013,1,14,0,0,0,0,0,legacy
29013,2,13,0,0,0,0,0,legacy
29013,3,20,1,1,0,0,1,legacy
29013,4,28,0,0,1,1,2,auto
29013,5,20,0,0,0,0,0,legacy
29013,6,34,0,0,0,0,0,legacy
29013,7,28,0,0,0,0,0,legacy
29013,8,34,0,0,0,0,0,legacy
29013,9,33,0,0,0,0,0,legacy
29013,10,31,0,0,0,0,0,legacy
29013,11,11,0,0,0,0,0,legacy
29013,12,34,0,0,0,0,0,legacy
29013,13,36,0,0,0,0,0,legacy
29013,14,44,0,0,0,0,0,legacy
29013,15,12,0,0,0,0,0,legacy
29013,16,33,0,0,0,0,0,legacy
29013,17,4,0,0,0,0,0,legacy
29349,1,16,0,0,0,0,0,legacy
29349,2,14,0,0,0,0,0,legacy
29349,3,12,1,1,0,0,1,legacy
29349,4,23,0,0,1,1,2,auto
29349,5,34,0,0,0,0,0,legacy
29349,6,35,0,0,0,0,0,legacy
29349,7,33,0,0,0,0,0,legacy
29349,8,42,0,0,0,0,0,legacy
29349,9,30,0,0,0,0,0,legacy
29349,10,40,0,0,0,0,0,legacy
29349,11,36,0,0,0,0,0,legacy
29349,12,23,0,0,0,0,0,legacy
29349,13,69,0,0,0,0,0,legacy
29349,14,37,0,0,0,0,0,legacy
29733,1,15,0,0,0,0,0,legacy
29733,2,14,0,0,0,0,0,legacy
29733,3,13,1,1,0,0,1,legacy
29733,4,14,0,0,1,1,2,auto
29733,5,19,0,0,0,0,0,legacy
29733,6,29,0,0,0,0,0,legacy
29733,7,37,0,0,0,0,0,legacy
29733,8,34,0,0,0,0,0,legacy
29733,9,34,0,0,0,0,0,legacy
29733,10,15,0,0,0,0,0,legacy
29733,11,32,0,0,0,0,0,legacy
29848,1,18,0,0,0,0,0,auto
29848,2,14,0,0,0,0,0,auto
29848,3,13,1,1,0,0,1,auto
29848,4,12,0,0,1,1,2,auto
29848,5,12,0,0,0,0,0,auto
29848,6,38,0,0,0,0,0,auto
29848,7,47,0,0,0,0,0,auto
29848,8,45,0,0,0,0,0,auto
29848,9,38,0,0,0,0,0,auto
29848,10,38,0,0,0,0,0,auto
29848,11,6,0,0,0,0,0,auto
2984,1,13,0,0,0,0,0,auto
2984,2,21,1,1,0,0,1,auto
2984,3,25,0,1,0,1,1,auto
2984,4,23,0,0,0,1,0,auto
2984,5,34,0,0,0,0,0,auto
2984,6,18,0,0,0,0,0,auto
2984,7,33,0,0,0,0,0,auto
2984,8,22,0,0,0,0,0,auto
2984,9,34,0,0,0,0,0,auto
2984,10,35,0,0,0,0,0,auto
2984,11,20,0,0,0,0,0,auto
2984,12,5,0,0,0,0,0,auto
2984,13,15,0,0,0,0,0,auto
29850,1,18,0,0,0,0,0,auto
29850,2,13,0,0,0,0,0,auto
29850,3,11,1,1,0,0,1,auto
29850,4,16,0,0,1,1,2,manual
29850,5,10,0,0,0,0,0,auto
29850,6,38,0,0,0,0,0,auto
29850,7,35,0,0,0,0,0,auto
29850,8,39,0,0,0,0,0,auto
29850,9,21,0,0,0,0,0,auto
30340,1,23,0,0,0,0,0,auto
30340,2,20,0,0,0,0,0,auto
30340,3,23,1,1,0,0,1,auto
30340,4,27,0,0,1,1,2,auto
30340,5,17,0,0,1,0,2,auto
30340,6,30,0,0,0,0,0,auto
30340,7,37,0,0,0,0,0,auto
30340,8,35,0,0,0,0,0,auto
30340,9,39,0,0,0,0,0,auto
30340,10,41,0,0,0,0,0,auto
30340,11,40,0,0,0,0,0,auto
30340,12,38,0,0,0,0,0,auto
30340,13,48,0,0,0,0,0,auto
30340,14,16,0,0,0,0,0,auto
30340,15,21,0,0,0,0,0,auto
30340,16,35,0,0,0,0,0,auto
30340,17,19,0,0,0,0,0,auto
30340,18,36,0,0,0,0,0,auto
30340,19,19,0,0,0,0,0,auto
30340,20,26,0,0,0,0,0,auto
30340,21,23,0,0,0,0,0,auto
30340,22,12,0,0,0,0,0,auto
30340,23,13,0,0,0,0,0,auto
30340,24,14,0,0,0,0,0,auto
30340,25,11,0,0,0,0,0,auto
30340,26,43,0,0,0,0,0,auto
30340,27,15,0,0,0,0,0,auto
30340,28,43,0,0,0,0,0,auto
30340,29,11,0,0,0,0,0,auto
30340,30,45,0,0,0,0,0,auto
30340,31,36,0,0,0,0,0,auto
30340,32,24,0,0,0,0,0,auto
30392,1,18,0,0,0,0,0,legacy
30392,2,15,0,0,0,0,0,legacy
30392,3,16,0,0,1,0,2,manual
30392,4,13,1,1,0,0,1,legacy
30392,5,7,0,0,0,1,0,legacy
30392,6,33,0,0,0,0,0,legacy
30392,7,32,0,0,0,0,0,legacy
30392,8,9,0,0,0,0,0,legacy
3051,1,14,0,0,0,0,0,auto
3051,2,29,0,1,0,0,1,auto
3051,3,35,0,0,0,1,0,auto
3051,4,29,0,0,0,0,0,auto
3051,5,37,0,0,0,0,0,auto
3051,6,38,0,0,0,0,0,auto
3051,7,38,0,0,0,0,0,auto
3051,8,37,0,0,0,0,0,auto
3051,9,36,0,0,0,0,0,auto
3051,10,37,0,0,0,0,0,auto
3051,11,38,0,0,0,0,0,auto
3051,12,37,0,0,0,0,0,auto
3051,13,38,0,0,0,0,0,auto
3051,14,39,0,0,0,0,0,auto
3051,15,35,0,0,0,0,0,auto
3051,16,37,0,0,0,0,0,auto
3051,17,34,0,0,0,0,0,auto
3051,18,36,0,0,0,0,0,auto
3051,19,39,0,0,0,0,0,auto
3051,20,45,0,0,0,0,0,auto
3051,21,38,0,0,0,0,0,auto
3051,22,35,0,0,0,0,0,auto
3051,23,24,0,0,0,0,0,auto
3051,24,35,0,0,0,0,0,auto
3051,25,40,0,0,0,0,0,auto
3051,26,39,0,0,0,0,0,auto
3051,27,23,0,0,0,0,0,auto
3051,28,18,0,0,0,0,0,auto
3051,29,26,0,0,0,0,0,auto
30540,1,19,0,0,0,0,0,legacy
30540,2,16,0,0,0,0,0,legacy
30540,3,12,1,1,0,0,1,legacy
30540,4,14,0,0,1,1,2,auto
30540,5,38,0,0,0,0,0,legacy
30540,6,38,0,0,0,0,0,legacy
30540,7,37,0,0,0,0,0,legacy
30540,8,39,0,0,0,0,0,legacy
30540,9,36,0,0,0,0,0,legacy
30540,10,18,0,0,0,0,0,legacy
30937,1,24,0,0,0,0,0,auto
30937,2,17,0,0,0,0,0,auto
30937,3,17,0,1,1,0,1,auto
30937,4,23,0,0,1,1,2,auto
30937,5,22,0,0,0,0,0,auto
30937,6,36,0,0,0,0,0,auto
30937,7,36,0,0,0,0,0,auto
30937,8,36,0,0,0,0,0,auto
30937,9,38,0,0,0,0,0,auto
30937,10,34,0,0,0,0,0,auto
30937,11,39,0,0,0,0,0,auto
30937,12,40,0,0,0,0,0,auto
30937,13,38,0,0,0,0,0,auto
30937,14,32,0,0,0,0,0,auto
30937,15,39,0,0,0,0,0,auto
30937,16,39,0,1,0,0,0,manual
30937,17,9,0,0,0,1,0,manual
30937,18,37,0,0,0,0,0,auto
30937,19,14,0,0,0,0,0,auto
30937,20,14,0,0,0,0,0,auto
31026,1,6,0,0,0,0,0,auto
31026,2,10,0,0,0,0,0,auto
31026,3,27,0,0,0,0,0,auto
31026,4,11,0,0,0,0,0,auto
31026,5,41,0,0,0,0,0,auto
31026,6,44,0,0,0,0,0,auto
31026,7,41,0,0,0,0,0,auto
31026,8,45,0,1,0,0,0,manual
31026,9,24,0,0,0,1,0,manual
31026,10,29,0,0,0,0,0,auto
31069,1,19,0,0,0,0,0,legacy
31069,2,14,0,0,0,0,0,legacy
31069,3,19,1,1,0,0,1,legacy
31069,4,7,0,0,1,1,2,auto
31069,5,12,0,0,0,0,0,legacy
31069,6,34,0,0,0,0,0,legacy
31069,7,38,0,0,0,0,0,legacy
31069,8,22,0,0,0,0,0,legacy
31356,1,21,0,0,0,0,0,legacy
31356,2,15,0,0,0,0,0,legacy
31356,3,11,1,1,0,0,1,legacy
31356,4,8,0,0,1,1,2,auto
31356,5,11,0,0,0,0,0,legacy
31356,6,37,0,0,0,0,0,legacy
31356,7,49,0,0,0,0,0,legacy
31356,8,17,0,0,0,0,0,legacy
31615,1,19,0,0,0,0,0,auto
31615,2,16,0,0,0,0,0,auto
31615,3,12,1,1,0,0,1,auto
31615,4,9,0,0,1,1,2,auto
31615,5,13,0,0,0,0,0,auto
31615,6,33,0,0,0,0,0,auto
31615,7,35,0,0,0,0,0,auto
31615,8,23,0,0,0,0,0,auto
31649,1,14,0,0,0,0,0,auto
31649,2,13,0,0,0,0,0,auto
31649,3,34,1,1,0,0,1,auto
31649,4,26,0,0,1,1,2,auto
31649,5,42,0,0,0,0,0,auto
31649,6,19,0,0,0,0,0,auto
31649,7,23,0,0,0,0,0,auto
31649,8,41,0,0,0,0,0,auto
31649,9,17,0,0,0,0,0,auto
31649,10,17,0,0,0,0,0,auto
31649,11,43,0,0,0,0,0,auto
31649,12,39,0,0,0,0,0,auto
31649,13,25,0,0,0,0,0,auto
31649,14,42,0,0,0,0,0,auto
31649,15,19,0,0,0,0,0,auto
31649,16,7,0,0,0,0,0,auto
31663,1,14,0,0,0,0,0,auto
31663,2,26,0,1,0,0,1,auto
31663,3,28,0,0,0,1,0,auto
31663,4,29,0,0,0,0,0,auto
31663,5,26,0,0,0,0,0,auto
31663,6,28,0,0,0,0,0,auto
31663,7,26,0,0,0,0,0,auto
31663,8,26,0,0,0,0,0,auto
31663,9,31,0,0,0,0,0,auto
31681,1,14,0,0,0,0,0,auto
31681,2,35,0,1,0,0,1,auto
31681,3,15,0,0,0,1,0,auto
31681,4,12,0,0,0,0,0,auto
31681,5,30,0,0,0,0,0,auto
31681,6,36,0,0,0,0,0,auto
31681,7,27,0,0,0,0,0,auto
31681,8,19,0,0,0,0,0,auto
31681,9,26,0,0,0,0,0,auto
31718,1,18,0,1,0,0,1,auto
31718,2,42,0,0,0,1,0,auto
31718,3,26,0,0,0,0,0,auto
31718,4,24,0,0,0,0,0,auto
31718,5,44,0,0,0,0,0,auto
31718,6,38,0,0,0,0,0,auto
31718,7,25,0,0,0,0,0,auto
31718,8,45,0,0,0,0,0,auto
31718,9,52,0,0,0,0,0,auto
31718,10,28,0,0,0,0,0,auto
31718,11,50,0,0,0,0,0,auto
31743,1,16,0,0,0,0,0,auto
31743,2,16,1,1,1,0,1,auto
31743,3,11,0,0,0,1,0,auto
31743,4,40,0,0,0,0,0,auto
31743,5,35,0,0,0,0,0,auto
31743,6,54,0,0,0,0,0,auto
31743,7,43,0,0,0,0,0,auto
31743,8,48,0,0,0,0,0,auto
31743,9,44,0,0,0,0,0,auto
31743,10,48,0,0,0,0,0,auto
31743,11,25,0,0,0,0,0,auto
32010,1,24,0,0,0,0,0,auto
32010,2,14,0,0,0,0,0,auto
32010,3,16,1,1,0,0,1,auto
32010,4,14,0,0,1,1,2,auto
32010,5,12,0,0,0,0,0,auto
32010,6,47,0,0,0,0,0,auto
32010,7,37,0,0,0,0,0,auto
32010,8,36,0,0,0,0,0,auto
32010,9,41,0,0,0,0,0,auto
32010,10,10,0,0,0,0,0,auto
32424,1,14,0,0,0,0,0,auto
32424,2,18,1,1,1,0,1,auto
32424,3,39,0,0,0,1,0,auto
32424,4,40,0,0,0,0,0,auto
32424,5,38,0,0,0,0,0,auto
32424,6,32,0,0,0,0,0,auto
32676,1,25,0,0,0,0,0,legacy
32676,2,13,0,0,0,0,0,legacy
32676,3,19,1,1,0,0,1,legacy
32676,4,17,0,0,1,1,2,auto
32676,5,22,0,0,1,0,2,manual
32676,6,47,0,0,0,0,0,legacy
32676,7,41,0,0,0,0,0,legacy
32676,8,39,0,0,0,0,0,legacy
32676,9,43,0,0,0,0,0,legacy
32676,10,42,0,0,0,0,0,legacy
32676,11,29,0,0,0,0,0,legacy
32676,12,39,0,0,0,0,0,legacy
32676,13,42,0,0,0,0,0,legacy
32676,14,34,0,0,0,0,0,legacy
32676,15,58,0,0,0,0,0,legacy
32676,16,41,0,0,0,0,0,legacy
32676,17,40,0,0,0,0,0,legacy
32676,18,31,0,0,0,0,0,legacy
32676,19,25,0,0,0,0,0,legacy
32783,1,24,0,0,0,0,0,auto
32783,2,44,1,1,0,0,1,auto
32998,1,23,0,1,0,0,1,auto
32998,2,31,0,0,0,1,0,auto
32998,3,4,0,0,0,0,0,auto
32998,4,35,0,0,0,0,0,auto
32998,5,31,0,0,0,0,0,auto
33054,1,32,0,0,0,0,0,legacy
33054,2,17,0,0,0,0,0,legacy
33054,3,16,1,1,0,0,1,legacy
33054,4,9,0,0,1,1,2,auto
33054,5,20,0,0,0,0,0,legacy
33054,6,31,0,0,0,0,0,legacy
33054,7,32,0,0,0,0,0,legacy
33054,8,36,0,0,0,0,0,legacy
33054,9,29,0,0,0,0,0,legacy
33069,1,24,0,0,0,0,0,auto
33069,2,7,0,0,0,0,0,auto
33069,3,27,1,1,1,0,1,auto
33069,4,37,0,0,0,1,0,auto
33069,5,23,0,0,0,0,0,auto
33069,6,46,0,0,0,0,0,auto
33069,7,50,0,0,0,0,0,auto
33069,8,45,0,0,0,0,0,auto
33069,9,28,0,0,0,0,0,auto
33069,10,22,0,0,0,0,0,auto
33147,1,32,0,0,0,0,0,auto
33147,2,22,0,0,0,0,0,auto
33147,3,12,1,1,0,0,1,auto
33147,4,12,0,0,1,1,2,auto
33147,5,29,0,0,0,0,0,auto
33147,6,46,0,0,0,0,0,auto
33147,7,32,0,0,0,0,0,auto
33147,8,45,0,0,0,0,0,auto
33147,9,12,0,0,0,0,0,auto
33201,1,13,0,0,0,0,0,auto
33201,2,16,1,1,0,0,1,auto
33201,3,21,0,0,0,1,0,auto
33201,4,27,0,0,0,0,0,auto
33201,5,27,0,0,0,0,0,auto
33201,6,22,0,0,0,0,0,auto
33201,7,55,0,0,0,0,0,auto
33201,8,23,0,0,0,0,0,auto
33201,9,11,0,0,0,0,0,auto
33201,10,22,0,0,0,0,0,auto
33201,11,29,0,0,0,0,0,auto
33201,12,27,0,0,0,0,0,auto
33201,13,42,0,0,0,0,0,auto
33201,14,22,0,0,0,0,0,auto
33201,15,11,0,0,0,0,0,auto
33201,16,21,0,0,0,0,0,auto
33201,17,29,0,0,0,0,0,auto
33201,18,26,0,0,0,0,0,auto
33201,19,13,0,0,0,0,0,auto
33355,1,13,0,0,0,0,0,legacy
33355,2,8,0,1,0,0,1,legacy
33355,3,38,0,0,0,1,0,legacy
33412,1,27,0,0,0,0,0,auto
33412,2,23,1,1,1,0,1,auto
33412,3,10,1,1,1,1,1,auto
33906,1,12,0,0,0,0,0,auto
33906,2,19,0,0,0,0,0,auto
33906,3,18,0,1,0,0,1,auto
33906,4,25,0,0,0,1,0,auto
33906,5,22,0,0,0,0,0,auto
33906,6,32,0,0,0,0,0,auto
33906,7,33,0,0,0,0,0,auto
33906,8,24,0,0,0,0,0,auto
33906,9,22,0,0,0,0,0,auto
33906,10,20,0,0,0,0,0,auto
34597,1,9,0,0,0,0,0,auto
34597,2,12,0,1,0,0,1,auto
34597,3,20,0,0,0,1,0,auto
34597,4,24,0,0,0,0,0,auto
34597,5,15,0,0,0,0,0,auto
34597,6,9,0,0,0,0,0,auto
34597,7,15,0,0,0,0,0,auto
36198,1,26,0,0,0,0,0,auto
36198,2,15,0,0,0,0,0,legacy
36198,3,21,1,1,1,0,1,legacy
36198,4,41,0,0,0,1,0,legacy
36198,5,34,0,0,0,0,0,legacy
36198,6,40,0,0,0,0,0,legacy
36198,7,37,0,0,0,0,0,legacy
36198,8,25,0,0,0,0,0,legacy
36198,9,27,0,0,0,0,0,legacy
36198,10,2,0,0,0,0,0,legacy
36198,11,33,0,0,0,0,0,legacy
36198,12,8,0,0,0,0,0,legacy
36198,13,24,0,0,0,0,0,legacy
36198,14,32,0,0,0,0,0,legacy
36198,15,39,0,0,0,0,0,legacy
36490,1,11,0,0,0,0,0,auto
36490,2,37,0,1,0,0,1,auto
36490,3,21,0,0,0,1,0,auto
36490,4,34,0,1,0,0,0,manual
36490,5,20,0,0,0,0,0,auto
36490,6,40,0,0,0,0,0,auto
36490,7,36,0,0,0,0,0,auto
36490,8,41,0,0,0,0,0,auto
36490,9,42,0,0,0,0,0,auto
36490,10,40,0,0,0,0,0,auto
36490,11,45,0,0,0,0,0,auto
36490,12,38,0,0,0,0,0,auto
36490,13,36,0,0,0,0,0,auto
36490,14,14,0,0,0,0,0,auto
37038,1,8,0,0,0,0,0,auto
37038,2,21,1,1,0,0,1,auto
37038,3,38,0,0,0,1,0,auto
37038,4,42,0,0,0,0,0,auto
37038,5,35,0,0,0,0,0,auto
37038,6,37,0,0,0,0,0,auto
37038,7,37,0,0,0,0,0,auto
37038,8,36,0,0,0,0,0,auto
37038,9,38,0,0,0,0,0,auto
37038,10,46,0,0,0,0,0,auto
37038,11,34,0,0,0,0,0,auto
37038,12,33,0,0,0,0,0,auto
37038,13,22,0,0,0,0,0,auto
37038,14,35,0,0,0,0,0,auto
37038,15,41,0,0,0,0,0,auto
37038,16,40,0,0,0,0,0,auto
37038,17,10,0,0,0,0,0,auto
37038,18,44,0,0,0,0,0,auto
37038,19,51,0,0,0,0,0,auto
37038,20,49,0,0,0,0,0,auto
37038,21,29,0,0,0,0,0,auto
37038,22,5,0,0,0,0,0,auto
37038,23,22,1,1,0,0,1,auto
37038,24,41,0,0,0,1,0,auto
37038,25,39,0,0,0,0,0,auto
37038,26,32,0,0,0,0,0,auto
37038,27,42,0,0,0,0,0,auto
37038,28,42,0,0,0,0,0,auto
37038,29,41,0,0,0,0,0,auto
37038,30,40,0,0,0,0,0,auto
37038,31,39,0,0,0,0,0,auto
37038,32,38,0,0,0,0,0,auto
37038,33,38,0,0,0,0,0,auto
37038,34,41,0,0,0,0,0,auto
37038,35,41,0,0,0,0,0,auto
37038,36,44,0,0,0,0,0,auto
37038,37,41,0,0,0,0,0,auto
37038,38,46,0,0,0,0,0,auto
37038,39,41,0,0,0,0,0,auto
37038,40,40,0,0,0,0,0,auto
37038,41,28,0,0,0,0,0,auto
37414,1,27,0,0,0,0,0,legacy
37414,2,20,0,0,0,0,0,legacy
37414,3,21,1,1,1,0,1,legacy
37414,4,26,0,0,0,1,0,legacy
37414,5,45,0,0,0,0,0,legacy
37414,6,41,0,0,0,0,0,legacy
37414,7,23,0,0,0,0,0,legacy
37414,8,40,0,0,0,0,0,legacy
37414,9,28,0,0,0,0,0,legacy
37414,10,11,0,0,0,0,0,legacy
37414,11,2,0,0,0,0,0,legacy
37414,12,51,0,0,0,0,0,legacy
37414,13,35,0,0,0,0,0,legacy
37838,1,21,0,0,0,0,0,legacy
37838,2,10,0,0,0,0,0,legacy
37838,3,13,1,1,1,0,1,legacy
37838,4,30,0,0,0,1,0,legacy
37838,5,33,0,0,0,0,0,legacy
37838,6,22,0,0,0,0,0,legacy
3831,1,10,0,0,0,0,0,auto
3831,2,12,0,0,0,0,0,auto
38480,1,16,0,0,0,0,0,auto
38480,2,32,0,1,0,0,1,auto
38480,3,16,0,0,0,1,0,auto
38480,4,21,0,0,0,0,0,auto
38480,5,16,0,0,0,0,0,auto
38480,6,37,0,0,0,0,0,auto
38480,7,23,0,0,0,0,0,auto
38480,8,42,0,0,0,0,0,auto
38480,9,39,0,0,0,0,0,auto
38480,10,36,0,0,0,0,0,auto
38480,11,33,0,0,0,0,0,auto
38480,12,33,0,0,0,0,0,auto
38480,13,18,0,0,0,0,0,auto
38480,14,18,0,0,0,0,0,auto
38480,15,8,0,0,0,0,0,auto
38480,16,8,0,0,0,0,0,auto
38592,1,15,0,0,0,0,0,auto
38592,2,36,0,1,0,0,1,auto
38592,3,40,0,0,0,1,0,auto
38592,4,5,0,0,0,0,0,auto
38592,5,30,0,0,0,0,0,auto
38592,6,38,0,0,0,0,0,auto
38592,7,40,0,0,0,0,0,auto
38592,8,13,0,0,0,0,0,auto
38592,9,39,0,0,0,0,0,auto
38592,10,41,0,0,0,0,0,auto
38592,11,38,0,0,0,0,0,auto
38592,12,31,0,0,0,0,0,auto
38592,13,24,0,0,0,0,0,auto
38592,14,34,0,0,0,0,0,auto
38592,15,33,0,0,0,0,0,auto
38865,1,24,0,0,0,0,0,legacy
38865,2,8,0,0,0,0,0,legacy
38865,3,12,1,1,1,0,1,legacy
38865,4,26,0,0,0,1,0,legacy
38865,5,35,0,0,0,0,0,legacy
39491,1,26,0,0,0,0,0,auto
39491,2,20,0,0,0,0,0,auto
39491,3,27,1,1,1,0,1,auto
39491,4,28,0,0,0,1,0,auto
39491,5,46,0,0,0,0,0,auto
39491,6,42,0,0,0,0,0,auto
39491,7,26,0,0,0,0,0,auto
39491,8,36,0,0,0,0,0,auto
39491,9,39,0,0,0,0,0,auto
39491,10,44,0,0,0,0,0,auto
39491,11,34,0,0,0,0,0,auto
39491,12,33,0,0,0,0,0,auto
39491,13,2,0,0,0,0,0,auto
39491,14,57,0,0,0,0,0,auto
39491,15,62,0,0,0,0,0,auto
39491,16,62,0,0,0,0,0,auto
39491,17,62,0,0,0,0,0,auto
39491,18,44,0,0,0,0,0,auto
39491,19,2,0,0,0,0,0,auto
39491,20,22,0,0,0,0,0,auto
39491,21,18,0,0,0,0,0,auto
39491,22,215,0,0,0,0,0,auto
39491,23,2,0,0,0,0,0,auto
39491,24,106,0,0,0,0,0,auto
39491,25,2,0,0,0,0,0,auto
39491,26,75,0,0,0,0,0,auto
39491,27,74,0,0,0,0,0,auto
39491,28,75,0,0,0,0,0,auto
39491,29,75,0,0,0,0,0,auto
39491,30,11,0,0,0,0,0,auto
39491,31,2,0,0,0,0,0,auto
39491,32,16,0,0,0,0,0,auto
39782,1,17,0,0,0,0,0,legacy
39782,2,15,0,0,0,0,0,legacy
39782,3,25,1,1,1,0,1,legacy
39782,4,29,0,0,0,1,0,legacy
39782,5,38,0,0,0,0,0,legacy
39782,6,38,0,0,0,0,0,legacy
39782,7,31,0,0,0,0,0,legacy
39782,8,35,0,0,0,0,0,legacy
39782,9,38,0,0,0,0,0,legacy
39782,10,32,0,0,0,0,0,legacy
39782,11,39,0,0,0,0,0,legacy
39782,12,2,0,0,0,0,0,legacy
39782,13,3,0,0,0,0,0,legacy
39782,14,2,0,0,0,0,0,legacy
39782,15,2,0,0,0,0,0,legacy
39782,16,2,0,0,0,0,0,legacy
39894,1,7,0,0,0,0,0,auto
39894,2,16,0,1,0,0,1,auto
39894,3,25,0,0,0,1,0,auto
39894,4,37,0,0,0,0,0,auto
39894,5,16,0,0,0,0,0,auto
39894,6,35,0,0,0,0,0,auto
39894,7,33,0,0,0,0,0,auto
39894,8,21,0,0,0,0,0,auto
39894,9,39,0,0,0,0,0,auto
39894,10,13,0,0,0,0,0,auto
39894,11,14,0,0,0,0,0,auto
40262,1,23,0,0,0,0,0,auto
40262,2,23,0,0,0,0,0,auto
40262,3,20,0,0,1,0,1,manual
40262,4,28,0,0,0,1,0,manual
40262,5,41,0,0,0,0,0,auto
40262,6,23,0,0,0,0,0,auto
40262,7,27,0,0,0,0,0,auto
40262,8,31,0,0,0,0,0,auto
40262,9,26,0,0,0,0,0,auto
40262,10,31,0,0,0,0,0,auto
40262,11,30,0,0,0,0,0,auto
40262,12,32,0,0,0,0,0,auto
40262,13,31,0,0,0,0,0,auto
40262,14,11,0,0,0,0,0,auto
40262,15,26,0,0,0,0,0,auto
40262,16,13,0,0,0,0,0,auto
40262,17,11,0,0,0,0,0,auto
40352,1,22,0,0,0,0,0,auto
40352,2,13,1,1,0,0,1,auto
40352,3,30,0,0,0,1,0,auto
40352,4,29,0,0,0,0,0,auto
40352,5,29,0,0,0,0,0,auto
40352,6,20,0,0,0,0,0,auto
40352,7,29,0,0,0,0,0,auto
40352,8,17,0,0,0,0,0,auto
40352,9,29,0,0,0,0,0,auto
40352,10,71,0,0,0,0,0,auto
40352,11,72,0,0,0,0,0,auto
40352,12,6,0,0,0,0,0,auto
40352,13,19,0,0,0,0,0,auto
40352,14,28,0,0,0,0,0,auto
40352,15,24,0,0,0,0,0,auto
40352,16,35,0,0,1,0,0,manual
40352,17,18,0,0,0,0,0,auto
40352,18,22,0,0,0,0,0,auto
40352,19,2,0,0,0,0,0,auto
40352,20,47,0,0,0,0,0,auto
40414,1,13,0,0,0,0,0,auto
40414,2,19,1,1,0,0,1,auto
40414,3,38,0,0,0,1,0,auto
40414,4,24,0,0,0,0,0,auto
40414,5,19,0,0,0,0,0,auto
40414,6,40,0,0,0,0,0,auto
40414,7,31,0,0,0,0,0,auto
40414,8,46,0,0,0,0,0,auto
40414,9,32,0,0,0,0,0,auto
40414,10,33,0,0,0,0,0,auto
40414,11,19,0,0,0,0,0,auto
40826,1,18,0,0,0,0,0,auto
40826,2,42,0,1,0,0,1,auto
40826,3,14,0,0,0,1,0,auto
40826,4,32,0,0,0,0,0,auto
40826,5,29,0,0,0,0,0,auto
40826,6,28,0,0,0,0,0,auto
40826,7,40,0,0,0,0,0,auto
40826,8,35,0,0,0,0,0,auto
40826,9,35,0,0,0,0,0,auto
40826,10,7,0,0,0,0,0,auto
40826,11,46,0,0,0,0,0,auto
40826,12,40,0,0,0,0,0,auto
40826,13,35,0,0,0,0,0,auto
40826,14,41,0,0,0,0,0,auto
40826,15,29,0,0,0,0,0,auto
40826,16,6,0,0,0,0,0,auto
40826,17,48,0,0,0,0,0,auto
40826,18,50,0,0,0,0,0,auto
40826,19,1,0,0,0,0,0,auto
40826,20,65,0,0,0,0,0,auto
40826,21,27,0,0,0,0,0,auto
40826,22,46,0,0,0,0,0,auto
40826,23,32,0,0,0,0,0,auto
41275,1,12,0,0,0,0,0,auto
41275,2,33,0,1,0,0,1,auto
41275,3,12,0,0,0,1,0,auto
41275,4,41,0,0,0,0,0,auto
41275,5,32,0,0,0,0,0,auto
41275,6,30,0,0,0,0,0,auto
41275,7,35,0,0,0,0,0,auto
41275,8,27,0,0,0,0,0,auto
41275,9,32,0,0,0,0,0,auto
41275,10,36,0,0,0,0,0,auto
41275,11,28,0,0,0,0,0,auto
41275,12,32,0,0,0,0,0,auto
41275,13,36,0,0,0,0,0,auto
41275,14,35,0,0,0,0,0,auto
41275,15,37,0,0,0,0,0,auto
41275,16,36,0,0,0,0,0,auto
41275,17,70,0,0,0,0,0,auto
41275,18,34,0,1,0,0,0,manual
41275,19,35,0,0,0,0,0,auto
41275,20,37,0,0,0,0,0,auto
41275,21,34,0,0,0,0,0,auto
41275,22,36,0,0,0,0,0,auto
41275,23,35,0,0,0,0,0,auto
41275,24,32,0,0,0,0,0,auto
41275,25,6,0,0,0,0,0,auto
41275,26,35,0,0,0,0,0,auto
41275,27,36,0,0,0,0,0,auto
41275,28,131,0,0,0,0,0,auto
41275,29,31,0,0,0,0,0,auto
41275,30,9,0,0,0,0,0,auto
41275,31,175,0,0,0,0,0,auto
41275,32,348,0,0,0,0,0,auto
41275,33,333,0,0,0,0,0,auto
41275,34,42,0,0,0,0,0,auto
41275,35,36,0,0,0,0,0,auto
41275,36,41,0,0,0,0,0,auto
41275,37,30,0,0,0,0,0,auto
41275,38,46,0,0,0,0,0,auto
41275,39,37,0,0,0,0,0,auto
41275,40,41,0,0,0,0,0,auto
41275,41,37,0,0,0,0,0,auto
41275,42,47,0,0,0,0,0,auto
41275,43,54,0,0,0,0,0,auto
41275,44,44,0,0,0,0,0,auto
41275,45,33,0,0,0,0,0,auto
41275,46,38,0,0,0,0,0,auto
41275,47,35,0,0,0,0,0,auto
41275,48,47,0,0,0,0,0,auto
41275,49,20,0,0,0,0,0,auto
41275,50,42,0,0,0,0,0,auto
41275,51,46,0,0,0,0,0,auto
41275,52,37,0,0,0,0,0,auto
41275,53,45,0,0,0,0,0,auto
41275,54,37,0,0,0,0,0,auto
41275,55,41,0,0,0,0,0,auto
41275,56,44,0,0,0,0,0,auto
41275,57,22,0,0,0,0,0,auto
41275,58,47,0,0,0,0,0,auto
41275,59,47,0,0,0,0,0,auto
41275,60,53,0,0,0,0,0,auto
41275,61,42,0,0,0,0,0,auto
41275,62,40,0,0,0,0,0,auto
41275,63,40,0,0,0,0,0,auto
41275,64,47,0,0,0,0,0,auto
41275,65,53,0,0,0,0,0,auto
41275,66,51,0,0,0,0,0,auto
41275,67,52,0,0,0,0,0,auto
41275,68,51,0,0,0,0,0,auto
41275,69,55,0,0,0,0,0,auto
41275,70,48,0,0,0,0,0,auto
41275,71,44,0,0,0,0,0,auto
41275,72,39,0,0,0,0,0,auto
41275,73,48,0,0,0,0,0,auto
41275,74,23,0,0,0,0,0,auto
41275,75,45,0,0,0,0,0,auto
41275,76,21,0,0,0,0,0,auto
41275,77,62,0,0,0,0,0,auto
41275,78,26,0,0,0,0,0,auto
41275,79,40,0,0,0,0,0,auto
41568,1,11,0,0,0,0,0,auto
41568,2,15,0,1,0,0,1,auto
41568,3,38,0,0,0,1,0,auto
41568,4,39,0,0,0,0,0,auto
41568,5,40,0,0,0,0,0,auto
41568,6,39,0,0,0,0,0,auto
41568,7,36,0,0,0,0,0,auto
41568,8,38,0,0,0,0,0,auto
41568,9,32,0,0,0,0,0,auto
41568,10,38,0,0,0,0,0,auto
41568,11,39,0,0,0,0,0,auto
41568,12,36,0,0,0,0,0,auto
41568,13,36,0,0,0,0,0,auto
41568,14,8,0,0,0,0,0,auto
41568,15,34,0,0,0,0,0,auto
41583,1,28,0,1,0,0,1,auto
41583,2,47,0,0,0,1,0,auto
41583,3,49,0,0,0,0,0,auto
41583,4,42,0,0,0,0,0,auto
41583,5,50,0,0,0,0,0,auto
41583,6,28,0,0,0,0,0,auto
41982,1,14,0,0,0,0,0,auto
41982,2,25,1,1,0,0,1,auto
41982,3,23,0,0,1,1,2,manual
41982,4,28,0,0,1,0,2,manual
41982,5,31,0,0,0,0,0,auto
41982,6,27,0,0,0,0,0,auto
41982,7,29,0,0,0,0,0,auto
41982,8,4,0,0,0,0,0,auto
41982,9,28,0,0,0,0,0,auto
41982,10,27,0,0,0,0,0,auto
41982,11,27,0,1,0,0,0,manual
41982,12,31,0,0,0,1,0,manual
41982,13,25,0,0,0,0,0,auto
41982,14,25,0,0,0,0,0,auto
41982,15,16,0,0,0,0,0,auto
41982,16,55,0,0,0,0,0,auto
41982,17,22,0,0,0,0,0,auto
41982,18,3,0,0,0,0,0,auto
41982,19,4,0,0,0,0,0,auto
41982,20,6,0,0,0,0,0,auto
41982,21,52,0,0,0,0,0,auto
41982,22,22,0,0,0,0,0,auto
41982,23,26,0,0,0,0,0,auto
41982,24,26,0,0,0,0,0,auto
41982,25,19,0,0,0,0,0,auto
41982,26,25,0,0,0,0,0,auto
41982,27,23,0,0,0,0,0,auto
41982,28,49,0,0,0,0,0,auto
41982,29,23,0,0,0,0,0,auto
41982,30,24,0,0,0,0,0,auto
41982,31,2,0,0,0,0,0,auto
41982,32,9,0,0,0,0,0,auto
41982,33,22,0,0,0,0,0,auto
41982,34,54,0,0,0,0,0,auto
41982,35,27,0,0,0,0,0,auto
41982,36,58,0,0,0,0,0,auto
41982,37,18,0,0,0,0,0,auto
41982,38,26,0,0,0,0,0,auto
41982,39,28,0,0,0,0,0,auto
41982,40,62,0,0,0,0,0,auto
41982,41,51,0,0,0,0,0,auto
41982,42,24,0,0,0,0,0,auto
41982,43,53,0,0,0,0,0,auto
41982,44,51,0,0,0,0,0,auto
41982,45,24,0,0,0,0,0,auto
41982,46,26,0,0,0,0,0,auto
41982,47,24,0,0,0,0,0,auto
41982,48,26,0,0,0,0,0,auto
41982,49,24,0,0,0,0,0,auto
41982,50,25,0,0,0,0,0,auto
41982,51,12,0,0,0,0,0,auto
41982,52,29,0,0,0,0,0,auto
41982,53,16,0,0,0,0,0,auto
42011,1,9,0,0,0,0,0,auto
42011,2,9,0,1,0,0,1,auto
42011,3,29,0,0,0,1,0,auto
42011,4,37,0,0,0,0,0,auto
42011,5,34,0,0,0,0,0,auto
42011,6,38,0,0,0,0,0,auto
42011,7,33,0,0,0,0,0,auto
42011,8,29,0,0,0,0,0,auto
42011,9,31,0,0,0,0,0,auto
42133,1,12,0,0,0,0,0,auto
42133,2,23,1,1,1,0,1,auto
42133,3,41,0,0,0,1,0,auto
42133,4,42,0,0,0,0,0,auto
42133,5,42,0,0,0,0,0,auto
42133,6,45,0,0,0,0,0,auto
42133,7,45,0,0,0,0,0,auto
42133,8,16,0,0,0,0,0,auto
42781,1,17,0,0,0,0,0,legacy
42781,2,12,0,0,0,0,0,legacy
42781,3,23,1,1,1,0,1,legacy
42781,4,40,0,0,0,1,0,legacy
42781,5,43,0,0,0,0,0,legacy
42781,6,25,0,0,0,0,0,legacy
42781,7,45,0,0,0,0,0,legacy
42781,8,43,0,0,0,0,0,legacy
42781,9,42,0,0,0,0,0,legacy
42781,10,7,0,0,0,0,0,legacy
42781,11,2,0,0,0,0,0,legacy
42781,12,58,0,0,0,0,0,legacy
42781,13,49,0,0,0,0,0,legacy
43505,1,21,0,0,0,0,0,legacy
43505,2,11,0,0,0,0,0,legacy
43505,3,22,1,1,1,0,1,legacy
43505,4,7,0,0,0,1,0,legacy
43505,5,44,0,0,0,0,0,legacy
43505,6,7,0,0,0,0,0,legacy
43505,7,19,0,0,0,0,0,legacy
43505,8,35,0,0,0,0,0,legacy
43505,9,62,0,0,0,0,0,legacy
43505,10,41,0,0,0,0,0,legacy
43505,11,30,0,0,0,0,0,legacy
43505,12,38,0,0,0,0,0,legacy
43505,13,8,0,0,0,0,0,legacy
43505,14,8,0,0,0,0,0,legacy
43505,15,15,0,0,0,0,0,legacy
43758,1,19,0,0,0,0,0,auto
43758,2,24,0,1,1,0,1,auto
43758,3,38,0,0,0,1,0,auto
43758,4,37,0,0,0,0,0,auto
43758,5,31,0,0,0,0,0,auto
43758,6,15,0,0,0,0,0,auto
43758,7,17,0,0,0,0,0,auto
43758,8,55,0,0,0,0,0,auto
43758,9,45,0,0,0,0,0,auto
43758,10,1,0,0,0,0,0,auto
4411,1,9,0,0,0,0,0,auto
4411,2,20,0,0,0,0,0,auto
4411,3,1,0,0,0,0,0,auto
4411,4,34,0,0,0,0,0,auto
4411,5,13,0,0,0,0,0,auto
4411,6,19,0,0,0,0,0,auto
4411,7,1,0,0,0,0,0,auto
4411,8,19,0,0,0,0,0,auto
4411,9,23,0,0,0,0,0,auto
4411,10,1,0,0,0,0,0,auto
4411,11,9,0,0,0,0,0,auto
4411,12,27,0,0,0,0,0,auto
4411,13,22,0,0,0,0,0,auto
4411,14,23,0,0,0,0,0,auto
4411,15,43,0,0,0,0,0,auto
4411,16,44,0,0,0,0,0,auto
4411,17,32,0,0,0,0,0,auto
44387,1,20,0,0,0,0,0,legacy
44387,2,10,0,0,0,0,0,legacy
44387,3,13,1,1,1,0,1,legacy
44387,4,23,0,0,0,1,0,legacy
44387,5,28,0,0,0,0,0,legacy
44387,6,20,0,0,0,0,0,legacy
44433,1,41,0,0,0,0,0,auto
44433,2,7,0,0,0,0,0,auto
44433,3,49,0,0,0,0,0,auto
44433,4,40,0,0,0,0,0,auto
44433,5,46,0,0,0,0,0,auto
44433,6,59,0,0,0,0,0,auto
44433,7,45,0,0,0,0,0,auto
44433,8,52,0,0,0,0,0,auto
44433,9,46,0,0,0,0,0,auto
44433,10,34,0,0,0,0,0,auto
44433,11,34,0,0,0,0,0,auto
44433,12,7,0,0,0,0,0,auto
44433,13,53,0,0,0,0,0,auto
44433,14,12,0,0,0,0,0,auto
44457,1,43,0,0,0,0,0,auto
44457,2,6,0,0,0,0,0,auto
44457,3,54,0,0,0,0,0,auto
44457,4,20,0,0,0,0,0,auto
44457,5,40,0,0,0,0,0,auto
44457,6,12,0,0,0,0,0,auto
44457,7,35,0,0,0,0,0,auto
44457,8,27,0,0,0,0,0,auto
44457,9,34,0,0,0,0,0,auto
44457,10,19,0,0,0,0,0,auto
44457,11,21,0,0,0,0,0,auto
44457,12,17,0,0,0,0,0,auto
44457,13,19,0,0,0,0,0,auto
44457,14,20,0,0,0,0,0,auto
44457,15,9,0,0,0,0,0,auto
44457,16,9,0,0,0,0,0,auto
44457,17,9,0,0,0,0,0,auto
44457,18,26,0,0,0,0,0,auto
44457,19,35,0,0,0,0,0,auto
44457,20,36,0,0,0,0,0,auto
44457,21,37,0,0,0,0,0,auto
45198,1,19,0,0,0,0,0,auto
45198,2,30,0,0,0,0,0,auto
45198,3,30,0,1,0,0,1,auto
45198,4,41,0,0,0,1,0,auto
45198,5,23,0,0,0,0,0,auto
45198,6,26,0,0,0,0,0,auto
45198,7,23,0,0,1,0,2,auto
45198,8,29,0,0,0,0,0,auto
45198,9,17,0,0,0,0,0,auto
45198,10,34,0,0,0,0,0,auto
45198,11,31,0,0,0,0,0,auto
45198,12,32,0,0,0,0,0,auto
45198,13,15,0,0,0,0,0,auto
45198,14,38,0,0,0,0,0,auto
45198,15,23,0,0,0,0,0,auto
45198,16,36,0,0,0,0,0,auto
45198,17,51,0,0,0,0,0,auto
45198,18,224,0,0,0,0,0,auto
45198,19,21,0,0,0,0,0,auto
45198,20,12,0,0,0,0,0,auto
45198,21,13,0,0,0,0,0,auto
45198,22,4,0,0,0,0,0,auto
45198,23,13,0,0,0,0,0,auto
45198,24,4,0,0,0,0,0,auto
45198,25,18,0,0,0,0,0,auto
45198,26,37,0,0,0,0,0,auto
45470,1,20,0,0,0,0,0,legacy
45470,2,12,0,0,0,0,0,legacy
45470,3,12,1,1,1,0,1,legacy
45470,4,25,0,0,0,1,0,legacy
45470,5,29,0,0,0,0,0,legacy
45470,6,15,0,0,0,0,0,legacy
46102,1,17,0,0,0,0,0,auto
46102,2,8,0,0,0,0,0,auto
46102,3,23,1,1,1,0,1,auto
46102,4,7,0,0,0,1,0,auto
46102,5,46,0,0,0,0,0,auto
46102,6,44,0,0,0,0,0,auto
46102,7,47,0,0,0,0,0,auto
46102,8,42,0,0,0,0,0,auto
46102,9,30,0,0,0,0,0,auto
46102,10,18,0,0,0,0,0,auto
46102,11,47,0,0,0,0,0,auto
46102,12,47,0,0,0,0,0,auto
46102,13,19,0,0,0,0,0,auto
46323,1,8,0,0,0,0,0,auto
46323,2,36,0,0,0,0,0,auto
46323,3,24,0,0,0,0,0,auto
46323,4,26,0,0,0,0,0,auto
46323,5,16,0,0,0,0,0,auto
4639,1,58,0,0,0,0,0,auto
4639,2,49,0,0,0,0,0,auto
4639,3,47,0,0,0,0,0,auto
4639,4,47,0,0,0,0,0,auto
47215,1,17,0,0,0,0,0,auto
47215,2,14,0,0,0,0,0,auto
47215,3,26,0,0,0,0,0,auto
47215,4,26,0,0,0,0,0,auto
47215,5,26,0,0,0,0,0,auto
47215,6,26,0,0,0,0,0,auto
47314,1,18,0,0,0,0,0,auto
47861,1,16,0,0,0,0,0,auto
47861,2,13,0,1,1,0,1,manual
47861,3,27,0,0,0,1,0,auto
47861,4,4,0,0,0,0,0,auto
47861,5,27,0,0,0,0,0,auto
47861,6,27,0,0,0,0,0,auto
47861,7,6,0,0,0,0,0,auto
47861,8,6,0,0,0,0,0,auto
47861,9,26,0,0,0,0,0,auto
47861,10,32,0,0,0,0,0,auto
47861,11,40,0,0,0,0,0,auto
47861,12,58,0,0,0,0,0,auto
47861,13,15,0,0,0,0,0,auto
47861,14,23,0,0,0,0,0,auto
47861,15,15,0,0,0,0,0,auto
47861,16,4,0,0,0,0,0,auto
47861,17,20,0,0,0,0,0,auto
47861,18,25,0,0,0,0,0,auto
47861,19,33,0,0,0,0,0,auto
47861,20,31,0,0,0,0,0,auto
47861,21,41,0,0,0,0,0,auto
47867,1,12,0,0,0,0,0,auto
47867,2,13,0,1,0,0,1,auto
47867,3,27,0,0,0,1,0,auto
47867,4,15,0,0,0,0,0,auto
47867,5,8,0,0,0,0,0,auto
47867,6,45,0,0,0,0,0,auto
47867,7,9,0,0,0,0,0,auto
47867,8,36,0,0,0,0,0,auto
47867,9,1,0,0,0,0,0,auto
47884,1,16,0,0,0,0,0,legacy
47884,2,11,0,0,0,0,0,legacy
47884,3,12,1,1,1,0,1,legacy
47884,4,19,0,0,0,1,0,legacy
47884,5,28,0,0,0,0,0,legacy
47884,6,15,0,0,0,0,0,legacy
49198,1,12,0,0,0,0,0,auto
49198,2,12,1,1,1,0,1,auto
49198,3,10,0,0,0,1,0,auto
49198,4,39,0,0,0,0,0,auto
49198,5,16,0,0,0,0,0,auto
49198,6,8,0,0,0,0,0,auto
49708,1,19,0,0,0,0,0,auto
49708,2,30,0,1,1,0,1,manual
49708,3,28,0,0,0,1,0,auto
49708,4,28,0,0,0,0,0,auto
49708,5,15,0,0,0,0,0,auto
49708,6,27,0,0,0,0,0,auto
49708,7,28,0,0,0,0,0,auto
49708,8,26,0,0,0,0,0,auto
49708,9,20,0,0,0,0,0,auto
49708,10,27,0,0,0,0,0,auto
49708,11,18,0,0,0,0,0,auto
49708,12,27,0,0,0,0,0,auto
49708,13,8,0,0,0,0,0,auto
49708,14,28,0,0,0,0,0,auto
49708,15,14,0,0,0,0,0,auto
49708,16,34,0,0,0,0,0,auto
49708,17,21,0,0,0,0,0,auto
49708,18,19,0,0,0,0,0,auto
49708,19,35,0,0,0,0,0,auto
49708,20,33,0,0,0,0,0,auto
49708,21,13,0,0,0,0,0,auto
49708,22,19,0,0,0,0,0,auto
49708,23,52,0,0,0,0,0,auto
49708,24,51,0,0,0,0,0,auto
49708,25,52,0,0,0,0,0,auto
49708,26,40,0,0,0,0,0,auto
49708,27,51,0,0,0,0,0,auto
49708,28,52,0,0,0,0,0,auto
49708,29,37,0,0,0,0,0,auto
49708,30,52,0,0,0,0,0,auto
49708,31,51,0,0,0,0,0,auto
49708,32,52,0,0,0,0,0,auto
49708,33,53,0,0,0,0,0,auto
49708,34,47,0,0,0,0,0,auto
49708,35,52,0,0,0,0,0,auto
49708,36,52,0,0,0,0,0,auto
49708,37,53,0,0,0,0,0,auto
49708,38,51,0,0,0,0,0,auto
49708,39,45,0,0,0,0,0,auto
49708,40,52,0,0,0,0,0,auto
49708,41,52,0,0,0,0,0,auto
49708,42,53,0,0,0,0,0,auto
49708,43,51,0,0,0,0,0,auto
49708,44,22,0,0,0,0,0,auto
49708,45,52,0,0,0,0,0,auto
49708,46,28,0,0,0,0,0,auto
49708,47,57,0,0,0,0,0,auto
49708,48,51,0,0,0,0,0,auto
49708,49,50,0,0,0,0,0,auto
49708,50,52,0,0,0,0,0,auto
49708,51,22,0,0,0,0,0,auto
49708,52,51,0,0,0,0,0,auto
49708,53,52,0,0,0,0,0,auto
49708,54,52,0,0,0,0,0,auto
49708,55,51,0,0,0,0,0,auto
49708,56,51,0,0,0,0,0,auto
49708,57,15,0,0,0,0,0,auto
49708,58,52,0,0,0,0,0,auto
49708,59,50,0,0,0,0,0,auto
49708,60,36,0,0,0,0,0,auto
49708,61,51,0,0,0,0,0,auto
49708,62,26,0,0,0,0,0,auto
49708,63,52,0,0,0,0,0,auto
49708,64,33,0,0,0,0,0,auto
49708,65,52,0,0,0,0,0,auto
49708,66,50,0,0,0,0,0,auto
49708,67,51,0,0,0,0,0,auto
49708,68,11,0,0,0,0,0,auto
49708,69,52,0,0,0,0,0,auto
49708,70,52,0,0,0,0,0,auto
49708,71,51,0,0,0,0,0,auto
49708,72,52,0,0,0,0,0,auto
49708,73,13,0,0,0,0,0,auto
49708,74,52,0,0,0,0,0,auto
49708,75,52,0,0,0,0,0,auto
49708,76,8,0,0,0,0,0,auto
49708,77,20,0,0,0,0,0,auto
49708,78,46,0,0,0,0,0,auto
49708,79,24,0,0,0,0,0,auto
49708,80,48,0,0,0,0,0,auto
49708,81,10,0,0,0,0,0,auto
49708,82,48,0,0,0,0,0,auto
49708,83,37,0,0,0,0,0,auto
49708,84,45,0,0,0,0,0,auto
49708,85,44,0,0,0,0,0,auto
49708,86,47,0,0,0,0,0,auto
49708,87,28,0,0,0,0,0,auto
49708,88,30,0,0,0,0,0,auto
49708,89,47,0,0,0,0,0,auto
49708,90,43,0,0,0,0,0,auto
49708,91,27,0,0,0,0,0,auto
49708,92,46,0,0,0,0,0,auto
49708,93,41,0,0,0,0,0,auto
49708,94,23,0,0,0,0,0,auto
49708,95,46,0,0,0,0,0,auto
49708,96,43,0,0,0,0,0,auto
49708,97,28,0,0,0,0,0,auto
49708,98,29,0,0,0,0,0,auto
49708,99,47,0,0,0,0,0,auto
49708,100,21,0,0,0,0,0,auto
49708,101,47,0,0,0,0,0,auto
49708,102,36,0,0,0,0,0,auto
52009,1,20,0,0,0,0,0,auto
52009,2,23,0,1,1,0,1,auto
52009,3,39,0,0,0,1,0,auto
52009,4,40,0,0,0,0,0,auto
52009,5,38,0,0,0,0,0,auto
52009,6,40,0,0,0,0,0,auto
52009,7,41,0,0,0,0,0,auto
52009,8,36,0,0,0,0,0,auto
52009,9,20,0,0,0,0,0,auto
52009,10,36,0,0,0,0,0,auto
52161,1,13,0,0,0,0,0,auto
52161,2,36,0,0,0,0,0,auto
52161,3,36,0,0,0,0,0,auto
52161,4,24,0,0,0,0,0,auto
52161,5,33,0,0,0,0,0,auto
52161,6,31,0,0,0,0,0,auto
52161,7,39,0,0,0,0,0,auto
52182,1,16,0,0,0,0,0,auto
52182,2,42,0,1,0,0,1,auto
52182,3,12,0,0,0,1,0,auto
52182,4,37,0,0,0,0,0,auto
52182,5,28,0,0,0,0,0,auto
52182,6,27,0,0,0,0,0,auto
52182,7,38,0,0,0,0,0,auto
52182,8,34,0,0,0,0,0,auto
52182,9,32,0,0,0,0,0,auto
52182,10,7,0,0,0,0,0,auto
52182,11,44,0,0,0,0,0,auto
52182,12,41,0,0,0,0,0,auto
52182,13,35,0,0,0,0,0,auto
52182,14,45,0,0,0,0,0,auto
52182,15,26,0,0,0,0,0,auto
52182,16,27,0,0,0,0,0,auto
52182,17,50,0,0,0,0,0,auto
52182,18,20,0,0,0,0,0,auto
52182,19,32,0,0,0,0,0,auto
52182,20,21,0,0,0,0,0,auto
52182,21,55,0,0,0,0,0,auto
52182,22,29,0,0,0,0,0,auto
52224,1,15,0,0,0,0,0,auto
52224,2,12,0,1,0,0,1,auto
52224,3,6,0,0,1,1,2,manual
52224,4,10,0,0,0,0,0,auto
52224,5,19,0,0,0,0,0,auto
52224,6,8,0,0,0,0,0,auto
52224,7,23,0,0,0,0,0,auto
52224,8,26,0,0,0,0,0,auto
52224,9,10,0,0,0,0,0,auto
52224,10,32,0,0,0,0,0,auto
52224,11,4,0,0,0,0,0,auto
5261,1,10,0,0,0,0,0,auto
5261,2,18,1,1,0,0,1,auto
5261,3,28,0,0,0,1,0,auto
5261,4,15,0,0,0,0,0,auto
5261,5,32,0,0,0,0,0,auto
5261,6,37,0,0,0,0,0,auto
5261,7,23,0,0,0,0,0,auto
5261,8,30,0,0,0,0,0,auto
52673,1,14,0,0,0,0,0,legacy
52673,2,9,0,0,0,0,0,legacy
52673,3,12,1,1,1,0,1,legacy
52673,4,32,0,0,0,1,0,legacy
52673,5,22,0,0,0,0,0,legacy
52673,6,6,0,0,0,0,0,legacy
52680,1,18,0,0,0,0,0,auto
52680,2,23,0,0,0,0,0,auto
52680,3,21,1,1,1,0,1,auto
52680,4,36,0,0,0,1,0,auto
52680,5,35,0,0,0,0,0,auto
52680,6,18,0,0,0,0,0,auto
52680,7,33,0,0,0,0,0,auto
52680,8,46,0,0,0,0,0,auto
52680,9,25,0,0,1,0,2,auto
52680,10,25,0,0,0,0,0,auto
52680,11,17,0,0,0,0,0,auto
53274,1,21,0,0,0,0,0,auto
53274,2,43,0,1,1,0,1,auto
53274,3,29,0,0,1,1,2,manual
53274,4,67,0,0,0,0,0,auto
53274,5,34,0,1,0,0,0,manual
53274,6,48,0,0,0,1,0,manual
53274,7,34,0,0,0,0,0,auto
53274,8,42,0,0,0,0,0,auto
53274,9,10,0,0,0,0,0,auto
53274,10,38,0,0,0,0,0,auto
53274,11,42,0,0,0,0,0,auto
53274,12,9,0,0,0,0,0,auto
53274,13,26,0,0,0,0,0,auto
53274,14,38,0,0,0,0,0,auto
53274,15,34,0,0,0,0,0,auto
53274,16,16,0,0,0,0,0,auto
53274,17,39,0,0,0,0,0,auto
53274,18,53,0,0,0,0,0,auto
53274,19,42,0,0,0,0,0,auto
53274,20,21,0,0,0,0,0,auto
53274,21,26,0,0,0,0,0,auto
53313,1,17,0,0,0,0,0,auto
53313,2,9,0,0,0,0,0,auto
53313,3,11,1,1,1,0,1,auto
53313,4,30,0,0,0,1,0,auto
53313,5,31,0,0,0,0,0,auto
53313,6,6,0,0,0,0,0,auto
53638,1,20,0,0,0,0,0,legacy
53638,2,12,0,0,0,0,0,legacy
53638,3,22,0,1,1,0,1,legacy
53638,4,25,0,0,0,1,0,legacy
53638,5,23,0,0,0,0,0,legacy
53638,6,27,0,0,0,0,0,legacy
53638,7,26,0,0,0,0,0,legacy
53638,8,1,0,0,0,0,0,legacy
53638,9,18,0,0,0,0,0,legacy
53638,10,17,0,0,0,0,0,legacy
53638,11,10,0,0,0,0,0,legacy
53805,1,8,0,0,0,0,0,auto
53805,2,17,0,1,0,0,1,auto
53805,3,26,0,0,0,1,0,auto
53805,4,4,0,0,0,0,0,auto
53805,5,25,0,0,0,0,0,auto
53805,6,27,0,0,0,0,0,auto
53805,7,23,0,0,0,0,0,auto
53805,8,28,0,0,0,0,0,auto
53805,9,25,0,0,0,0,0,auto
53805,10,9,0,0,0,0,0,auto
53805,11,23,0,0,0,0,0,auto
53805,12,34,0,0,0,0,0,auto
53805,13,20,0,0,0,0,0,auto
53805,14,8,0,0,0,0,0,auto
53805,15,20,0,0,0,0,0,auto
53805,16,44,0,0,0,0,0,auto
53805,17,49,0,0,0,0,0,auto
54223,1,20,0,0,0,0,0,auto
54223,2,27,0,1,0,0,1,auto
54223,3,10,0,0,0,1,0,auto
54223,4,19,0,0,0,0,0,auto
54223,5,31,0,0,0,0,0,auto
54223,6,34,0,0,0,0,0,auto
54223,7,22,0,0,0,0,0,auto
54223,8,19,0,0,0,0,0,auto
54223,9,16,0,0,0,0,0,auto
54223,10,19,0,0,0,0,0,auto
54223,11,6,0,0,0,0,0,auto
54223,12,3,0,0,0,0,0,auto
54223,13,37,0,0,0,0,0,auto
54223,14,7,0,0,0,0,0,auto
54223,15,37,0,0,0,0,0,auto
54223,16,7,0,0,0,0,0,auto
54223,17,37,0,0,0,0,0,auto
54223,18,7,0,0,0,0,0,auto
54223,19,3,0,0,0,0,0,auto
54223,20,17,0,0,0,0,0,auto
54223,21,17,0,0,0,0,0,auto
54223,22,17,0,0,0,0,0,auto
54437,1,18,0,0,0,0,0,auto
54437,2,27,0,1,0,0,1,auto
54437,3,29,0,0,0,1,0,auto
54437,4,5,0,0,0,0,0,auto
54437,5,33,0,0,0,0,0,auto
54437,6,24,0,0,0,0,0,auto
54437,7,40,0,0,0,0,0,auto
54437,8,15,0,0,0,0,0,auto
54437,9,41,0,0,0,0,0,auto
54437,10,39,0,0,0,0,0,auto
54437,11,37,0,0,0,0,0,auto
54437,12,22,0,0,0,0,0,auto
54437,13,39,0,0,0,0,0,auto
54437,14,31,0,0,0,0,0,auto
54437,15,38,0,0,0,0,0,auto
54437,16,34,0,0,0,0,0,auto
54437,17,24,0,0,0,0,0,auto
54437,18,34,0,0,0,0,0,auto
54437,19,42,0,0,0,0,0,auto
54437,20,21,0,0,0,0,0,auto
54437,21,41,0,0,0,0,0,auto
54437,22,33,0,0,0,0,0,auto
54437,23,50,0,0,0,0,0,auto
54437,24,40,0,0,0,0,0,auto
54437,25,27,0,0,0,0,0,auto
54437,26,8,0,0,0,0,0,auto
54437,27,38,0,0,0,0,0,auto
54437,28,21,0,0,0,0,0,auto
54437,29,22,0,0,0,0,0,auto
54595,1,18,0,0,0,0,0,auto
54595,2,10,0,0,0,0,0,auto
54595,3,14,1,1,1,0,1,auto
54595,4,29,0,0,0,1,0,auto
54595,5,24,0,0,0,0,0,auto
54595,6,33,0,0,0,0,0,auto
54595,7,9,0,0,0,0,0,auto
54595,8,7,0,0,0,0,0,auto
54595,9,29,0,0,0,0,0,auto
54595,10,20,0,0,0,0,0,auto
54753,1,15,0,0,0,0,0,auto
54924,1,18,0,0,0,0,0,auto
54924,2,11,0,0,0,0,0,auto
54924,3,18,1,1,1,0,1,auto
54924,4,14,0,0,0,1,0,auto
54924,5,54,0,0,0,0,0,auto
54924,6,43,0,0,0,0,0,auto
54924,7,35,0,0,0,0,0,auto
54924,8,38,0,0,0,0,0,auto
54924,9,17,0,0,0,0,0,auto
56500,1,17,0,0,0,0,0,legacy
56500,2,12,0,0,0,0,0,legacy
56500,3,19,0,1,1,0,1,legacy
56500,4,18,0,0,0,1,0,legacy
56500,5,26,0,0,0,0,0,legacy
56500,6,40,0,0,0,0,0,legacy
56500,7,39,0,0,0,0,0,legacy
56500,8,28,0,0,0,0,0,legacy
56500,9,6,0,0,0,0,0,legacy
56500,10,1,0,0,0,0,0,legacy
56500,11,1,0,0,0,0,0,legacy
56628,1,18,0,0,0,0,0,legacy
56628,2,11,0,0,0,0,0,legacy
56628,3,14,1,1,1,0,1,legacy
56628,4,16,0,0,0,1,0,legacy
56628,5,28,0,0,0,0,0,legacy
56628,6,45,0,0,0,0,0,legacy
56628,7,43,0,0,0,0,0,legacy
56748,1,11,0,0,0,0,0,auto
56748,2,33,0,0,0,0,0,auto
56748,3,56,0,0,0,0,0,auto
56748,4,33,0,0,0,0,0,auto
56748,5,10,0,0,0,0,0,auto
56748,6,29,0,0,0,0,0,auto
56748,7,3,0,0,0,0,0,auto
56748,8,39,0,0,0,0,0,auto
56748,9,38,0,0,0,0,0,auto
56748,10,17,0,0,0,0,0,auto
56748,11,18,0,0,0,0,0,auto
56748,12,185,0,0,0,0,0,auto
56748,13,32,0,0,0,0,0,auto
56748,14,26,0,0,0,0,0,auto
56748,15,5,0,0,0,0,0,auto
56794,1,17,0,0,0,0,0,auto
56794,2,33,1,1,0,0,1,auto
56794,3,10,0,0,0,1,0,auto
56794,4,31,0,0,0,0,0,auto
56794,5,25,0,0,0,0,0,auto
56794,6,27,0,0,0,0,0,auto
56794,7,39,0,0,0,0,0,auto
56794,8,44,0,0,0,0,0,auto
56794,9,24,0,0,0,0,0,auto
56794,10,59,0,0,0,0,0,auto
56794,11,34,0,0,0,0,0,auto
56794,12,37,0,0,0,0,0,auto
56794,13,50,0,0,0,0,0,auto
56794,14,9,0,0,0,0,0,auto
56794,15,21,0,0,0,0,0,auto
56794,16,39,0,0,0,0,0,auto
56794,17,2,0,0,0,0,0,auto
56794,18,39,0,0,0,0,0,auto
56794,19,22,0,0,0,0,0,auto
56794,20,19,0,0,0,0,0,auto
56794,21,55,0,0,0,0,0,auto
57048,1,18,0,0,0,0,0,legacy
57048,2,8,0,0,0,0,0,legacy
57048,3,14,1,1,1,0,1,legacy
57048,4,32,0,0,0,1,0,legacy
57048,5,26,0,0,0,0,0,legacy
57048,6,25,0,0,0,0,0,legacy
57048,7,39,0,0,0,0,0,legacy
57346,1,20,0,0,0,0,0,auto
57346,2,11,0,0,0,0,0,auto
57346,3,16,1,1,1,0,1,auto
57346,4,22,0,0,0,1,0,auto
57346,5,36,0,0,0,0,0,auto
57346,6,43,0,0,0,0,0,auto
57346,7,38,0,0,0,0,0,auto
57346,8,14,0,0,0,0,0,auto
57418,1,10,0,0,0,0,0,legacy
57418,2,27,1,1,1,0,1,legacy
57418,3,18,0,0,0,1,0,legacy
57418,4,21,0,0,0,0,0,legacy
57418,5,12,0,0,0,0,0,legacy
57418,6,53,0,0,0,0,0,legacy
57418,7,19,0,0,0,0,0,legacy
57418,8,23,0,0,0,0,0,legacy
57418,9,64,0,0,0,0,0,legacy
57418,10,30,0,0,0,0,0,legacy
57418,11,38,0,0,0,0,0,legacy
57418,12,45,0,0,0,0,0,legacy
57418,13,44,0,0,0,0,0,legacy
57418,14,19,0,0,0,0,0,legacy
57418,15,2,0,0,0,0,0,legacy
57418,16,24,0,0,0,0,0,legacy
57418,17,2,0,0,0,0,0,legacy
57418,18,16,0,0,0,0,0,legacy
57418,19,4,0,0,0,0,0,legacy
57418,20,15,0,0,0,0,0,legacy
57418,21,40,0,0,0,0,0,legacy
57418,22,23,0,1,0,0,1,manual
57418,23,36,0,0,0,1,0,legacy
57418,24,23,0,0,0,0,0,legacy
57418,25,37,0,0,0,0,0,legacy
57418,26,40,0,0,0,0,0,legacy
57418,27,43,0,0,0,0,0,legacy
57418,28,41,0,0,0,0,0,legacy
57418,29,42,0,0,0,0,0,legacy
57418,30,43,0,0,0,0,0,legacy
57418,31,42,0,0,0,0,0,legacy
57418,32,42,0,0,0,0,0,legacy
57418,33,41,0,0,0,0,0,legacy
57418,34,43,0,0,0,0,0,legacy
57418,35,43,0,0,0,0,0,legacy
57418,36,42,0,0,0,0,0,legacy
57418,37,40,0,0,0,0,0,legacy
57418,38,26,0,0,0,0,0,legacy
57418,39,40,0,0,0,0,0,legacy
57418,40,16,0,0,0,0,0,legacy
57418,41,34,0,0,0,0,0,legacy
57418,42,37,0,0,0,0,0,legacy
57418,43,55,0,0,0,0,0,legacy
57418,44,57,0,0,0,0,0,legacy
57418,45,50,0,0,0,0,0,legacy
57418,46,45,0,0,0,0,0,legacy
57418,47,4,0,0,0,0,0,legacy
57418,48,10,0,0,0,0,0,legacy
57418,49,48,0,0,0,0,0,legacy
57418,50,26,0,0,0,0,0,legacy
57418,51,40,1,1,1,0,1,auto
57418,52,59,0,0,1,1,2,auto
57418,53,61,0,0,0,0,0,legacy
57418,54,47,0,0,1,0,2,manual
57418,55,41,0,0,0,0,0,legacy
57418,56,21,0,0,0,0,0,legacy
57418,57,33,0,0,0,0,0,legacy
57418,58,23,0,0,0,0,0,legacy
57418,59,45,0,0,0,0,0,legacy
57418,60,33,0,0,0,0,0,legacy
57418,61,36,0,0,0,0,0,legacy
57418,62,34,0,0,0,0,0,legacy
57418,63,36,0,0,0,0,0,legacy
57418,64,36,0,0,0,0,0,legacy
57418,65,33,0,0,0,0,0,legacy
57418,66,35,0,0,0,0,0,legacy
57418,67,34,0,0,0,0,0,legacy
57418,68,19,0,0,0,0,0,legacy
57418,69,23,0,0,0,0,0,legacy
57418,70,21,0,0,0,0,0,legacy
57418,71,32,0,0,0,0,0,legacy
57418,72,34,0,0,0,0,0,legacy
57418,73,22,0,0,0,0,0,legacy
57418,74,29,0,0,0,0,0,legacy
57418,75,23,0,0,0,0,0,legacy
57418,76,31,0,0,0,0,0,legacy
57418,77,31,0,0,0,0,0,legacy
57418,78,19,0,0,0,0,0,legacy
57418,79,13,0,0,0,0,0,legacy
57418,80,38,0,0,0,0,0,legacy
57418,81,33,0,0,0,0,0,legacy
57418,82,17,0,0,0,0,0,legacy
57418,83,22,0,0,0,0,0,legacy
57418,84,26,0,0,0,0,0,legacy
57418,85,13,0,0,0,0,0,legacy
57418,86,12,0,0,0,0,0,legacy
57418,87,17,0,0,0,0,0,legacy
57418,88,13,0,0,0,0,0,legacy
57418,89,39,0,0,0,0,0,legacy
57418,90,18,0,0,0,0,0,legacy
57418,91,17,0,0,0,0,0,legacy
57418,92,24,0,0,0,0,0,legacy
57418,93,35,0,0,0,0,0,legacy
57418,94,35,0,0,0,0,0,legacy
57418,95,35,0,0,0,0,0,legacy
57418,96,4,0,0,0,0,0,legacy
57418,97,38,0,0,0,0,0,legacy
57418,98,34,0,0,0,0,0,legacy
57418,99,37,0,0,0,0,0,legacy
57418,100,49,0,0,0,0,0,legacy
57418,101,28,0,0,0,0,0,legacy
57418,102,3,0,0,0,0,0,legacy
57418,103,26,0,0,0,0,0,legacy
57418,104,39,0,0,0,0,0,legacy
57418,105,14,0,0,0,0,0,legacy
57418,106,38,0,0,0,0,0,legacy
57418,107,20,0,0,0,0,0,legacy
57418,108,37,0,0,0,0,0,legacy
57418,109,20,0,0,0,0,0,legacy
57418,110,38,0,0,0,0,0,legacy
57418,111,21,0,0,0,0,0,legacy
57418,112,38,0,0,0,0,0,legacy
57418,113,19,0,0,0,0,0,legacy
57418,114,36,0,0,0,0,0,legacy
57418,115,8,0,0,0,0,0,legacy
57418,116,38,0,0,0,0,0,legacy
57418,117,25,0,0,0,0,0,legacy
57418,118,38,0,0,0,0,0,legacy
57418,119,19,0,0,0,0,0,legacy
57418,120,34,0,0,0,0,0,legacy
57418,121,27,0,0,0,0,0,legacy
57418,122,39,0,0,0,0,0,legacy
57418,123,19,0,0,0,0,0,legacy
57418,124,37,0,0,0,0,0,legacy
57418,125,23,0,0,0,0,0,legacy
57418,126,38,0,0,0,0,0,legacy
57418,127,20,0,0,0,0,0,legacy
57418,128,38,0,0,0,0,0,legacy
57418,129,22,0,0,0,0,0,legacy
57418,130,38,0,0,0,0,0,legacy
57418,131,20,0,0,0,0,0,legacy
57418,132,38,0,0,0,0,0,legacy
57418,133,16,0,0,0,0,0,legacy
57431,1,7,0,0,0,0,0,auto
57431,2,19,1,1,1,0,1,auto
57431,3,30,0,0,0,1,0,auto
57431,4,21,0,0,0,0,0,auto
57431,5,20,0,0,0,0,0,auto
57431,6,11,0,0,0,0,0,auto
57431,7,10,0,0,0,0,0,auto
57431,8,26,0,0,0,0,0,auto
57431,9,26,0,0,0,0,0,auto
57431,10,5,0,0,0,0,0,auto
57431,11,42,0,0,0,0,0,auto
57431,12,42,0,0,0,0,0,auto
57431,13,42,0,0,0,0,0,auto
57431,14,47,0,0,0,0,0,auto
57431,15,47,0,0,0,0,0,auto
57431,16,38,0,0,0,0,0,auto
57431,17,5,0,0,0,0,0,auto
57431,18,49,0,0,0,0,0,auto
57431,19,49,0,0,0,0,0,auto
57431,20,49,0,0,0,0,0,auto
57431,21,49,0,0,0,0,0,auto
57431,22,49,0,0,0,0,0,auto
57431,23,23,0,0,0,0,0,auto
57431,24,4,0,0,0,0,0,auto
57431,25,35,0,0,0,0,0,auto
57966,1,5,0,0,0,0,0,auto
57966,2,23,0,1,0,0,1,auto
57966,3,31,0,0,0,1,0,auto
57966,4,29,0,0,0,0,0,auto
57966,5,20,0,0,0,0,0,auto
57966,6,31,0,0,0,0,0,auto
57966,7,38,0,0,0,0,0,auto
57966,8,21,0,0,0,0,0,auto
57966,9,23,0,0,0,0,0,auto
57966,10,20,0,0,0,0,0,auto
57966,11,28,0,0,0,0,0,auto
57966,12,45,0,0,0,0,0,auto
57966,13,17,0,0,0,0,0,auto
57966,14,27,0,0,0,0,0,auto
57966,15,27,0,0,0,0,0,auto
57966,16,27,0,0,0,0,0,auto
57966,17,27,0,0,0,0,0,auto
57966,18,27,0,0,0,0,0,auto
57966,19,5,0,0,0,0,0,auto
58954,1,21,0,0,0,0,0,auto
58954,2,33,0,1,0,0,1,auto
58954,3,27,0,0,0,1,0,auto
58954,4,48,0,0,0,0,0,auto
58954,5,11,0,0,0,0,0,auto
58954,6,7,0,0,0,0,0,auto
58954,7,27,0,0,0,0,0,auto
58954,8,11,0,0,0,0,0,auto
58954,9,40,0,0,0,0,0,auto
58954,10,45,0,0,0,0,0,auto
58954,11,19,0,0,0,0,0,auto
58954,12,24,0,0,0,0,0,auto
58954,13,28,0,0,0,0,0,auto
58954,14,32,0,0,1,0,0,manual
58954,15,28,0,0,0,0,0,auto
58954,16,22,0,0,0,0,0,auto
58954,17,31,0,0,0,0,0,auto
58954,18,46,0,0,1,0,0,manual
58954,19,7,0,0,0,0,0,auto
58954,20,44,0,0,0,0,0,auto
58954,21,30,0,0,0,0,0,auto
58954,22,36,0,0,0,0,0,auto
58954,23,10,0,0,0,0,0,auto
58954,24,22,0,1,0,0,0,manual
58954,25,37,0,0,0,1,0,auto
58954,26,36,0,0,0,0,0,auto
58954,27,36,0,1,0,0,0,manual
58954,28,34,0,0,0,0,0,auto
58954,29,16,0,0,0,0,0,auto
58954,30,4,0,0,0,0,0,auto
58954,31,18,0,0,0,0,0,auto
58954,32,7,0,0,0,0,0,auto
58954,33,4,0,0,0,0,0,auto
58954,34,32,0,0,0,0,0,auto
58954,35,46,0,0,0,0,0,auto
58954,36,51,0,0,0,0,0,auto
58954,37,9,0,0,0,0,0,auto
58954,38,28,0,0,0,0,0,auto
58954,39,33,0,0,1,0,0,manual
58954,40,12,0,0,0,0,0,auto
593,1,11,0,0,0,0,0,auto
593,2,7,0,0,0,0,0,auto
593,3,51,0,0,0,0,0,auto
593,4,50,0,0,0,0,0,auto
593,5,52,0,0,0,0,0,auto
593,6,51,0,0,0,0,0,auto
593,7,55,0,0,0,0,0,auto
593,8,53,0,0,0,0,0,auto
593,9,53,0,0,0,0,0,auto
593,10,53,0,0,0,0,0,auto
593,11,52,0,0,0,0,0,auto
593,12,52,0,0,0,0,0,auto
593,13,31,0,0,0,0,0,auto
62180,1,12,0,0,0,0,0,auto
62180,2,10,0,0,0,0,0,auto
62180,3,22,0,1,0,0,1,auto
62180,4,30,0,0,0,1,0,auto
62180,5,2,0,0,0,0,0,auto
62180,6,12,0,0,0,0,0,auto
62180,7,36,0,0,0,0,0,auto
62180,8,27,0,0,0,0,0,auto
62180,9,10,0,0,0,0,0,auto
62180,10,26,0,0,0,0,0,auto
62180,11,2,0,0,0,0,0,auto
62180,12,36,0,0,0,0,0,auto
62180,13,2,0,0,0,0,0,auto
62180,14,14,0,0,0,0,0,auto
62963,1,10,0,0,0,0,0,auto
62963,2,25,1,1,1,0,1,auto
62963,3,18,0,0,0,1,0,auto
62963,4,15,0,0,0,0,0,auto
62963,5,12,0,0,0,0,0,auto
62963,6,53,0,0,0,0,0,auto
62963,7,32,0,0,0,0,0,auto
62963,8,63,0,0,0,0,0,auto
62963,9,43,0,0,0,0,0,auto
62963,10,38,0,0,0,0,0,auto
62963,11,32,0,0,0,0,0,auto
62963,12,15,0,0,0,0,0,auto
62963,13,44,0,0,0,0,0,auto
62963,14,7,0,0,0,0,0,auto
62963,15,2,0,0,0,0,0,auto
62963,16,24,0,0,0,0,0,auto
62963,17,2,0,0,0,0,0,auto
62963,18,15,0,0,0,0,0,auto
62963,19,4,0,0,0,0,0,auto
62963,20,9,0,0,0,0,0,auto
62963,21,12,0,0,0,0,0,auto
62963,22,19,0,1,0,0,1,manual
62963,23,28,0,0,0,1,0,auto
62963,24,23,0,0,0,0,0,auto
62963,25,39,0,0,0,0,0,auto
62963,26,25,0,0,0,0,0,auto
62963,27,43,0,0,0,0,0,auto
62963,28,38,0,0,0,0,0,auto
62963,29,35,0,0,0,0,0,auto
62963,30,37,0,0,0,0,0,auto
62963,31,10,0,0,0,0,0,auto
62963,32,39,0,0,0,0,0,auto
62963,33,44,0,0,0,0,0,auto
62963,34,42,0,0,0,0,0,auto
62963,35,41,0,0,0,0,0,auto
62963,36,15,0,0,0,0,0,auto
62963,37,3,0,0,0,0,0,auto
62963,38,6,0,0,0,0,0,auto
62963,39,12,0,0,0,0,0,auto
62963,40,8,0,0,0,0,0,auto
62963,41,10,0,0,0,0,0,auto
62963,42,12,0,0,0,0,0,auto
62963,43,10,0,0,0,0,0,auto
62963,44,3,0,0,0,0,0,auto
62963,45,11,0,0,0,0,0,auto
62963,46,11,0,0,0,0,0,auto
62963,47,32,1,1,1,0,1,auto
62963,48,32,0,0,1,1,2,auto
62963,49,40,0,0,0,0,0,auto
62963,50,24,0,0,1,0,2,auto
62963,51,19,0,0,0,0,0,auto
62963,52,38,0,0,0,0,0,auto
62963,53,40,0,0,0,0,0,auto
62963,54,55,0,0,0,0,0,auto
62963,55,25,0,0,0,0,0,auto
62963,56,45,0,0,0,0,0,auto
62963,57,33,0,0,0,0,0,auto
62963,58,26,0,0,0,0,0,auto
62963,59,31,0,0,0,0,0,auto
62963,60,17,0,0,0,0,0,auto
62963,61,38,0,0,0,0,0,auto
62963,62,41,0,0,0,0,0,auto
62963,63,28,0,0,0,0,0,auto
62963,64,23,0,0,0,0,0,auto
62963,65,31,0,0,0,0,0,auto
62963,66,38,0,0,0,0,0,auto
62963,67,30,0,0,0,0,0,auto
62963,68,23,0,0,0,0,0,auto
62963,69,28,0,0,0,0,0,auto
62963,70,31,0,0,0,0,0,auto
62963,71,30,0,0,0,0,0,auto
62963,72,14,0,0,0,0,0,auto
62963,73,32,0,0,0,0,0,auto
62963,74,30,0,0,0,0,0,auto
62963,75,27,0,0,0,0,0,auto
62963,76,48,0,0,0,0,0,auto
62963,77,38,0,0,0,0,0,auto
62963,78,44,0,0,0,0,0,auto
63146,1,24,0,0,0,0,0,auto
63146,2,8,0,0,0,0,0,auto
63146,3,16,1,1,0,0,1,auto
63146,4,38,0,0,0,1,0,auto
63146,5,43,0,0,0,0,0,auto
63146,6,59,0,0,0,0,0,auto
63146,7,39,0,0,0,0,0,auto
63146,8,42,0,0,0,0,0,auto
63146,9,28,0,0,0,0,0,auto
63273,1,16,0,0,0,0,0,auto
63273,2,33,1,1,1,0,1,auto
63273,3,45,0,0,1,1,2,manual
63273,4,47,0,0,0,0,0,auto
63273,5,27,0,0,0,0,0,auto
63273,6,49,0,0,1,0,2,auto
63273,7,48,0,0,0,0,0,auto
63273,8,42,0,0,0,0,0,auto
63273,9,49,0,0,0,0,0,auto
63273,10,52,0,0,1,0,0,manual
63273,11,51,0,0,1,0,0,manual
63273,12,40,0,0,1,0,2,auto
63273,13,49,0,0,0,0,0,auto
63273,14,48,0,0,0,0,0,auto
63273,15,50,0,0,0,0,0,auto
63273,16,45,0,0,0,0,0,auto
63273,17,46,0,0,0,0,0,auto
63273,18,33,0,0,0,0,0,auto
63273,19,36,0,0,0,0,0,auto
63299,1,20,0,0,0,0,0,auto
63299,2,16,0,0,0,0,0,auto
63299,3,21,1,1,1,0,1,auto
63299,4,22,0,0,0,1,0,auto
63299,5,57,0,0,0,0,0,auto
63299,6,40,0,0,0,0,0,auto
63299,7,35,0,0,0,0,0,auto
63299,8,25,0,0,0,0,0,auto
63299,9,32,0,0,0,0,0,auto
63299,10,2,0,0,0,0,0,auto
63299,11,2,0,0,0,0,0,auto
63707,1,19,0,0,0,0,0,legacy
63707,2,10,0,0,0,0,0,legacy
63707,3,13,1,1,1,0,1,legacy
63707,4,45,0,0,0,1,0,legacy
63707,5,40,0,0,0,0,0,legacy
63707,6,46,0,0,0,0,0,legacy
63707,7,45,0,0,0,0,0,legacy
63707,8,8,0,0,0,0,0,legacy
64820,1,20,0,0,0,0,0,auto
64820,2,8,0,0,0,0,0,auto
64820,3,14,1,1,1,0,1,auto
64820,4,31,0,0,0,1,0,auto
64820,5,59,0,0,0,0,0,auto
64820,6,23,0,0,0,0,0,auto
64820,7,1,0,0,0,0,0,auto
66068,1,21,0,0,0,0,0,auto
66068,2,30,0,0,0,0,0,auto
66659,1,19,0,0,0,0,0,auto
66659,2,8,0,0,0,0,0,auto
66659,3,25,0,1,1,0,1,manual
66659,4,30,0,0,0,1,0,auto
66659,5,6,0,0,0,0,0,auto
66659,6,65,0,0,0,0,0,auto
66659,7,31,0,0,0,0,0,auto
66659,8,43,0,0,0,0,0,auto
66659,9,39,0,0,0,0,0,auto
66659,10,33,0,0,0,0,0,auto
66659,11,18,0,0,0,0,0,auto
66659,12,31,0,0,0,0,0,auto
66659,13,1,0,0,0,0,0,auto
66659,14,1,0,0,0,0,0,auto
66659,15,1,0,0,0,0,0,auto
67252,1,13,0,0,0,0,0,auto
67252,2,20,1,1,0,0,1,auto
67252,3,34,0,1,1,1,2,manual
67252,4,45,0,0,0,0,0,auto
67252,5,34,0,0,0,0,0,auto
67252,6,33,0,0,0,0,0,auto
67252,7,49,0,0,0,0,0,auto
67252,8,43,0,0,0,0,0,auto
67252,9,39,0,0,0,0,0,auto
67252,10,48,0,0,1,0,0,manual
67252,11,36,0,0,0,0,0,auto
67252,12,50,0,0,0,0,0,auto
67252,13,26,0,0,0,0,0,auto
67252,14,14,0,0,1,0,0,manual
67252,15,16,0,0,0,0,0,auto
67792,1,14,0,0,0,0,0,legacy
67792,2,10,0,0,0,0,0,legacy
67792,3,22,1,1,1,0,1,legacy
67792,4,27,0,0,0,1,0,legacy
67792,5,54,0,0,0,0,0,legacy
67792,6,38,0,0,0,0,0,legacy
67792,7,44,0,0,0,0,0,legacy
67792,8,20,0,0,0,0,0,legacy
67792,9,45,0,0,0,0,0,legacy
67792,10,1,0,0,0,0,0,legacy
67792,11,1,0,0,0,0,0,legacy
68677,1,13,0,0,0,0,0,auto
68677,2,25,1,1,1,0,1,auto
68677,3,25,0,0,0,1,0,auto
68677,4,34,0,0,0,0,0,auto
68677,5,63,0,0,0,0,0,auto
68677,6,33,0,0,0,0,0,auto
68677,7,30,0,0,0,0,0,auto
68677,8,4,0,0,0,0,0,auto
68677,9,26,0,0,0,0,0,auto
68677,10,42,0,0,0,0,0,auto
68677,11,11,0,0,0,0,0,auto
68861,1,15,0,0,0,0,0,legacy
68861,2,10,0,0,0,0,0,legacy
68861,3,12,1,1,1,0,1,legacy
68861,4,35,0,0,0,1,0,legacy
68861,5,61,0,0,0,0,0,legacy
68861,6,9,0,0,0,0,0,legacy
68876,1,11,0,0,0,0,0,auto
68876,2,27,1,1,1,0,1,auto
68876,3,37,0,0,0,1,0,auto
68876,4,36,0,0,0,0,0,auto
68876,5,51,0,0,0,0,0,auto
68876,6,50,0,0,0,0,0,auto
68876,7,41,0,0,0,0,0,auto
68876,8,42,0,0,0,0,0,auto
68876,9,7,0,0,0,0,0,auto
68876,10,38,0,1,0,0,0,manual
68876,11,42,0,0,0,1,0,manual
68876,12,36,0,0,0,0,0,auto
69189,1,15,0,0,0,0,0,auto
69419,1,14,0,0,0,0,0,auto
69419,2,31,1,1,1,0,1,auto
69419,3,26,0,0,0,1,0,auto
69419,4,31,0,0,0,0,0,auto
69419,5,32,0,0,0,0,0,auto
69419,6,62,0,0,0,0,0,auto
69419,7,56,0,0,0,0,0,auto
69419,8,60,0,0,0,0,0,auto
69419,9,60,0,0,0,0,0,auto
69419,10,60,0,0,0,0,0,auto
69419,11,60,0,0,0,0,0,auto
69419,12,35,0,0,0,0,0,auto
69419,13,31,0,0,0,0,0,auto
69419,14,5,0,0,0,0,0,auto
69419,15,17,0,0,0,0,0,auto
69419,16,49,0,0,0,0,0,auto
69630,1,12,0,0,0,0,0,auto
69630,2,10,0,0,0,0,0,auto
69630,3,28,0,1,0,0,1,auto
69630,4,11,0,0,1,1,2,auto
69630,5,39,0,0,0,0,0,auto
69630,6,21,0,0,0,0,0,auto
69630,7,65,0,0,0,0,0,auto
69630,8,48,0,0,0,0,0,auto
69630,9,35,0,0,0,0,0,auto
69630,10,33,0,0,1,0,0,manual
69630,11,34,0,0,0,0,0,auto
69630,12,34,0,0,0,0,0,auto
69630,13,33,0,0,0,0,0,auto
69630,14,30,0,0,0,0,0,auto
69630,15,23,0,0,0,0,0,auto
69630,16,13,0,0,0,0,0,auto
69630,17,12,0,0,0,0,0,auto
69630,18,22,0,0,0,0,0,auto
70158,1,22,0,0,0,0,0,auto
70158,2,28,0,0,0,0,0,auto
70158,3,32,0,0,0,0,0,auto
70158,4,17,0,1,0,0,1,manual
70158,5,38,0,0,0,1,0,auto
70158,6,36,0,0,0,0,0,auto
70158,7,34,0,0,0,0,0,auto
70158,8,25,0,0,0,0,0,auto
70158,9,16,0,0,0,0,0,auto
70562,1,12,0,0,0,0,0,auto
70562,2,16,1,1,0,0,1,auto
70562,3,10,0,0,1,1,2,auto
70562,4,32,0,0,0,0,0,auto
70562,5,4,0,0,0,0,0,auto
70562,6,3,0,0,0,0,0,auto
70562,7,29,0,0,0,0,0,auto
70562,8,30,0,0,0,0,0,auto
70562,9,28,0,0,0,0,0,auto
70562,10,56,0,0,0,0,0,auto
70562,11,10,0,0,0,0,0,auto
70562,12,4,0,0,0,0,0,auto
70562,13,29,0,0,0,0,0,auto
70562,14,34,0,0,0,0,0,auto
70562,15,16,0,1,0,0,0,manual
71225,1,19,0,0,0,0,0,auto
71225,2,19,0,0,0,0,0,auto
71225,3,20,1,1,1,0,1,auto
71225,4,25,0,0,0,1,0,auto
71225,5,60,0,0,0,0,0,auto
71225,6,34,0,0,0,0,0,auto
71225,7,41,0,0,0,0,0,auto
71225,8,57,0,0,0,0,0,auto
71225,9,2,0,0,0,0,0,auto
72087,1,18,0,0,0,0,0,auto
72087,2,7,0,0,0,0,0,auto
72087,3,12,1,1,1,0,1,auto
72087,4,34,0,0,0,1,0,auto
72087,5,48,0,0,0,0,0,auto
72087,6,7,0,0,0,0,0,auto
72200,1,5,0,0,0,0,0,auto
72555,1,11,0,0,0,0,0,auto
72555,2,22,1,1,0,0,1,auto
72555,3,29,0,0,0,1,0,auto
72555,4,36,0,0,0,0,0,auto
72555,5,39,0,0,0,0,0,auto
72555,6,39,0,0,0,0,0,auto
72555,7,19,0,0,0,0,0,auto
72555,8,33,0,0,0,0,0,auto
72555,9,38,0,0,0,0,0,auto
72555,10,40,0,0,0,0,0,auto
72555,11,27,0,0,0,0,0,auto
72764,1,17,0,0,0,0,0,auto
72764,2,30,1,1,1,0,1,auto
72764,3,27,0,0,0,1,0,auto
72764,4,12,0,0,0,0,0,auto
72764,5,18,0,0,0,0,0,auto
72764,6,13,0,0,0,0,0,auto
72764,7,39,0,0,0,0,0,auto
72764,8,43,0,0,0,0,0,auto
72764,9,49,0,0,0,0,0,auto
72764,10,37,0,0,0,0,0,auto
72764,11,36,0,0,0,0,0,auto
72764,12,26,0,0,0,0,0,auto
72764,13,23,0,0,0,0,0,auto
72764,14,24,0,0,0,0,0,auto
72764,15,23,0,0,0,0,0,auto
72764,16,23,0,0,0,0,0,auto
72764,17,24,0,0,0,0,0,auto
72764,18,28,0,0,0,0,0,auto
72764,19,37,0,0,0,0,0,auto
72764,20,38,0,0,0,0,0,auto
72764,21,30,0,0,0,0,0,auto
72867,1,20,0,0,0,0,0,auto
72867,2,19,0,0,0,0,0,auto
72867,3,6,0,0,1,0,2,auto
72867,4,28,0,0,0,1,0,manual
72867,5,26,0,0,0,0,0,auto
72867,6,33,0,0,0,0,0,auto
72867,7,29,0,0,0,0,0,auto
72867,8,23,0,0,0,0,0,auto
72867,9,36,0,0,0,0,0,auto
72867,10,39,0,0,0,0,0,auto
72867,11,33,0,0,0,0,0,auto
72867,12,41,0,0,0,0,0,auto
72867,13,34,0,0,0,0,0,auto
72867,14,10,0,0,0,0,0,auto
72867,15,20,0,0,0,0,0,auto
73999,1,15,0,0,0,0,0,auto
74718,1,15,0,0,0,0,0,legacy
74718,2,13,0,0,0,0,0,legacy
74718,3,26,1,1,1,0,1,legacy
74718,4,34,0,0,0,1,0,legacy
74718,5,51,0,0,0,0,0,legacy
74718,6,50,0,0,0,0,0,legacy
74718,7,62,0,0,0,0,0,legacy
74718,8,40,0,0,0,0,0,legacy
74718,9,39,0,0,0,0,0,legacy
74718,10,14,0,0,0,0,0,legacy
74718,11,33,0,0,0,0,0,legacy
74718,12,45,0,0,0,0,0,legacy
74718,13,1,0,0,0,0,0,legacy
74718,14,1,0,0,0,0,0,legacy
74760,1,12,0,0,0,0,0,auto
74760,2,7,1,1,0,0,1,auto
74760,3,14,0,0,0,1,0,auto
75015,1,18,0,0,0,0,0,auto
75015,2,20,1,1,0,0,1,auto
75015,3,29,0,0,0,1,0,auto
75015,4,24,0,0,0,0,0,auto
75015,5,45,0,0,0,0,0,auto
75015,6,20,0,0,0,0,0,auto
75015,7,48,0,0,0,0,0,auto
75015,8,35,0,0,0,0,0,auto
75015,9,45,0,0,0,0,0,auto
75015,10,31,0,0,0,0,0,auto
75015,11,5,0,0,0,0,0,auto
75015,12,30,0,0,0,0,0,auto
75015,13,2,0,0,0,0,0,auto
75082,1,18,0,0,0,0,0,auto
75082,2,18,1,1,0,0,1,auto
75082,3,24,0,0,0,1,0,auto
75082,4,20,0,0,0,0,0,auto
75082,5,45,0,0,0,0,0,auto
75082,6,19,0,0,0,0,0,auto
75082,7,24,0,0,0,0,0,auto
75082,8,27,0,0,0,0,0,auto
75082,9,34,0,0,0,0,0,auto
75082,10,10,0,0,0,0,0,auto
75082,11,14,0,0,0,0,0,auto
75275,1,13,0,0,0,0,0,auto
75275,2,17,0,0,0,0,0,auto
75275,3,16,0,0,0,0,0,auto
75275,4,31,0,0,0,0,0,auto
75275,5,30,0,0,0,0,0,auto
75275,6,29,0,0,0,0,0,auto
75275,7,52,0,0,0,0,0,auto
75275,8,52,0,0,0,0,0,auto
75275,9,35,0,0,0,0,0,auto
75275,10,30,0,0,0,0,0,auto
75275,11,12,0,0,0,0,0,auto
75275,12,21,0,0,0,0,0,auto
75275,13,38,0,0,0,0,0,auto
75275,14,3,0,0,0,0,0,auto
75738,1,7,0,0,0,0,0,auto
75738,2,16,0,1,1,0,1,manual
75738,3,32,0,0,0,1,0,auto
75738,4,8,0,0,0,0,0,auto
75738,5,21,0,0,0,0,0,auto
75738,6,31,0,0,0,0,0,auto
75738,7,45,0,0,0,0,0,auto
75738,8,24,0,0,0,0,0,auto
75738,9,47,0,0,0,0,0,auto
75738,10,28,0,0,0,0,0,auto
75738,11,6,0,0,0,0,0,auto
75738,12,51,0,0,0,0,0,auto
75738,13,78,0,0,0,0,0,auto
75738,14,49,0,0,0,0,0,auto
75738,15,42,0,0,0,0,0,auto
76605,1,11,0,0,0,0,0,auto
76605,2,30,0,1,0,0,1,auto
76605,3,40,0,0,0,1,0,auto
76605,4,28,0,0,0,0,0,auto
76605,5,28,0,0,0,0,0,auto
76605,6,42,0,0,0,0,0,auto
76605,7,36,0,0,0,0,0,auto
76605,8,33,0,0,0,0,0,auto
76605,9,32,0,0,0,0,0,auto
76605,10,33,0,0,0,0,0,auto
76605,11,41,0,0,0,0,0,auto
76605,12,34,0,0,0,0,0,auto
76605,13,36,0,0,0,0,0,auto
76605,14,36,0,0,0,0,0,auto
76605,15,36,0,0,0,0,0,auto
76605,16,36,0,0,0,0,0,auto
76605,17,6,0,0,0,0,0,auto
76605,18,27,0,0,0,0,0,auto
76890,1,19,0,0,0,0,0,auto
76890,2,11,1,1,0,0,1,auto
76890,3,37,0,0,0,1,0,auto
76890,4,27,0,0,0,0,0,auto
76890,5,28,0,0,0,0,0,auto
76890,6,40,0,0,0,0,0,auto
76890,7,43,0,0,0,0,0,auto
76890,8,9,0,0,0,0,0,auto
76890,9,13,0,0,0,0,0,auto
77000,1,7,0,0,0,0,0,auto
77000,2,27,1,1,1,0,1,auto
77000,3,29,0,0,0,1,0,auto
77000,4,17,0,0,0,0,0,auto
77000,5,6,0,0,0,0,0,auto
77000,6,36,0,0,0,0,0,auto
77000,7,38,0,0,0,0,0,auto
77000,8,56,0,0,0,0,0,auto
77000,9,31,0,0,0,0,0,auto
77000,10,25,0,0,0,0,0,auto
77000,11,29,0,0,0,0,0,auto
77000,12,37,0,0,0,0,0,auto
77000,13,39,0,0,0,0,0,auto
77000,14,45,0,0,0,0,0,auto
77000,15,33,0,0,0,0,0,auto
77000,16,31,0,0,0,0,0,auto
77000,17,11,0,0,0,0,0,auto
77000,18,20,0,0,0,0,0,auto
77000,19,6,0,0,0,0,0,auto
77000,20,30,0,0,0,0,0,auto
77000,21,36,0,0,0,0,0,auto
77000,22,6,0,0,0,0,0,auto
77000,23,62,0,0,0,0,0,auto
77000,24,22,0,0,0,0,0,auto
77000,25,6,0,0,0,0,0,auto
77000,26,64,0,0,0,0,0,auto
77000,27,64,0,0,0,0,0,auto
77000,28,64,0,0,0,0,0,auto
77000,29,64,0,0,0,0,0,auto
77000,30,64,0,0,0,0,0,auto
77000,31,64,0,0,0,0,0,auto
77000,32,64,0,0,0,0,0,auto
77000,33,64,0,0,0,0,0,auto
77000,34,64,0,0,0,0,0,auto
77000,35,64,0,0,0,0,0,auto
77000,36,64,0,0,0,0,0,auto
77000,37,64,0,0,0,0,0,auto
77000,38,64,0,0,0,0,0,auto
77000,39,64,0,0,0,0,0,auto
77000,40,64,0,0,0,0,0,auto
77000,41,64,0,0,0,0,0,auto
77000,42,64,0,0,0,0,0,auto
77000,43,64,0,0,0,0,0,auto
77000,44,64,0,0,0,0,0,auto
77000,45,64,0,0,0,0,0,auto
77000,46,64,0,0,0,0,0,auto
77000,47,64,0,0,0,0,0,auto
77000,48,64,0,0,0,0,0,auto
77000,49,64,0,0,0,0,0,auto
77000,50,64,0,0,0,0,0,auto
77000,51,64,0,0,0,0,0,auto
77000,52,64,0,0,0,0,0,auto
77000,53,64,0,0,0,0,0,auto
77000,54,64,0,0,0,0,0,auto
77000,55,64,0,0,0,0,0,auto
77000,56,64,0,0,0,0,0,auto
77000,57,64,0,0,0,0,0,auto
77000,58,64,0,0,0,0,0,auto
77000,59,64,0,0,0,0,0,auto
77000,60,64,0,0,0,0,0,auto
77000,61,64,0,0,0,0,0,auto
77000,62,64,0,0,0,0,0,auto
77000,63,64,0,0,0,0,0,auto
77000,64,64,0,0,0,0,0,auto
77000,65,58,0,0,0,0,0,auto
77347,1,15,0,0,0,0,0,auto
77347,2,22,0,0,0,0,0,auto
77347,3,16,1,1,0,0,1,auto
77347,4,13,0,0,1,1,2,auto
77347,5,34,0,0,0,0,0,auto
77347,6,20,0,0,0,0,0,auto
77347,7,60,0,0,0,0,0,auto
77347,8,37,0,0,0,0,0,auto
77347,9,49,0,0,0,0,0,auto
77347,10,20,0,0,0,0,0,auto
77347,11,21,0,0,0,0,0,auto
77347,12,43,0,1,0,0,0,manual
77347,13,33,0,0,0,1,0,manual
77347,14,38,0,0,0,0,0,auto
77347,15,31,0,0,0,0,0,auto
77347,16,19,0,0,0,0,0,auto
77347,17,29,0,0,0,0,0,auto
78806,1,5,0,0,0,0,0,auto
78806,2,18,0,1,0,0,1,auto
78806,3,38,0,0,0,1,0,auto
78806,4,42,0,0,0,0,0,auto
78806,5,36,0,0,0,0,0,auto
78806,6,36,0,0,0,0,0,auto
78806,7,46,0,0,0,0,0,auto
78806,8,16,0,0,0,0,0,auto
78806,9,32,0,0,0,0,0,auto
78806,10,51,0,0,0,0,0,auto
78806,11,47,0,0,0,0,0,auto
78806,12,33,0,0,0,0,0,auto
78806,13,46,0,0,0,0,0,auto
79361,1,13,0,0,0,0,0,auto
79361,2,21,0,0,0,0,0,auto
79361,3,35,0,1,0,0,1,auto
79361,4,9,0,0,0,1,0,auto
79361,5,38,0,0,0,0,0,auto
79361,6,49,0,0,0,0,0,auto
79361,7,22,0,0,0,0,0,auto
79361,8,32,0,0,0,0,0,auto
79361,9,51,0,0,0,0,0,auto
79361,10,44,0,0,0,0,0,auto
79361,11,35,0,0,0,0,0,auto
79361,12,46,0,0,0,0,0,auto
79361,13,29,0,0,0,0,0,auto
79361,14,35,0,0,0,0,0,auto
79361,15,16,0,0,0,0,0,auto
79548,1,16,0,0,0,0,0,auto
79548,2,44,0,0,0,0,0,auto
79548,3,51,0,0,0,0,0,auto
79548,4,1,0,0,0,0,0,auto
80507,1,18,0,0,0,0,0,auto
80507,2,27,1,1,0,0,1,auto
80507,3,39,0,0,0,1,0,auto
80507,4,44,0,0,0,0,0,auto
80507,5,37,0,0,0,0,0,auto
80507,6,21,0,0,0,0,0,auto
80507,7,7,0,0,0,0,0,auto
80507,8,19,0,0,0,0,0,auto
80507,9,36,0,0,0,0,0,auto
80507,10,53,0,0,0,0,0,auto
80507,11,18,0,0,0,0,0,auto
80507,12,20,0,0,0,0,0,auto
80507,13,31,0,0,0,0,0,auto
81317,1,21,0,0,0,0,0,auto
81317,2,14,0,0,0,0,0,auto
81317,3,12,1,1,1,0,1,auto
81317,4,27,0,0,0,1,0,auto
81317,5,59,0,0,0,0,0,auto
81317,6,39,0,0,0,0,0,auto
81509,1,13,0,0,0,0,0,auto
81509,2,24,1,1,0,0,1,auto
81509,3,30,0,0,1,1,0,manual
81509,4,33,0,0,0,0,0,auto
81509,5,31,0,0,0,0,0,auto
81509,6,37,0,0,0,0,0,auto
81509,7,30,0,0,0,0,0,auto
81509,8,26,0,0,0,0,0,auto
81509,9,29,0,0,0,0,0,auto
81509,10,30,0,0,0,0,0,auto
81509,11,22,0,0,0,0,0,auto
81509,12,53,0,0,0,0,0,auto
82103,1,13,0,0,0,0,0,auto
82103,2,28,0,0,0,0,0,auto
82103,3,39,1,1,1,0,1,auto
82103,4,46,0,0,1,1,0,manual
82103,5,44,0,0,0,0,0,auto
82103,6,27,0,0,0,0,0,auto
82103,7,14,0,0,0,0,0,auto
82172,1,5,0,0,0,0,0,auto
84696,1,9,0,0,0,0,0,auto
91779,1,13,0,0,0,0,0,auto
91779,2,16,1,1,0,0,1,auto
91779,3,33,0,0,0,1,0,auto
91779,4,30,0,0,1,0,0,manual
91779,5,11,0,0,0,0,0,auto
91779,6,23,0,0,0,0,0,auto
92536,1,13,0,0,0,0,0,auto
92536,2,25,0,1,0,0,1,auto
92536,3,35,0,0,0,1,0,auto
92536,4,38,0,0,0,0,0,auto
92536,5,35,0,0,0,0,0,auto
92536,6,37,0,0,0,0,0,auto
92536,7,42,0,0,0,0,0,auto
92536,8,39,0,0,0,0,0,auto
92536,9,37,0,0,0,0,0,auto
92536,10,14,0,0,0,0,0,auto
92734,1,14,0,0,0,0,0,auto
92734,2,17,0,1,1,0,1,manual
92734,3,34,0,0,0,1,0,auto
92734,4,20,0,0,0,0,0,auto
92734,5,38,0,0,0,0,0,auto
92734,6,31,0,0,0,0,0,auto
92734,7,32,0,0,0,0,0,auto
92734,8,23,0,0,0,0,0,auto
93330,1,9,0,0,0,0,0,auto
95183,1,22,0,0,0,0,0,auto
95183,2,20,0,0,0,0,0,auto
95183,3,31,0,1,0,0,1,auto
95183,4,48,0,0,0,1,0,auto
95183,5,30,0,0,0,0,0,auto
95183,6,39,0,0,0,0,0,auto
95183,7,13,0,0,0,0,0,auto
95183,8,31,0,0,0,0,0,auto
95183,9,26,0,0,0,0,0,auto
95183,10,69,0,0,0,0,0,auto
95183,11,36,0,0,0,0,0,auto
95183,12,15,0,0,0,0,0,auto
95183,13,57,0,0,0,0,0,auto
95183,14,33,0,0,0,0,0,auto
95183,15,36,0,0,0,0,0,auto
95183,16,49,0,0,0,0,0,auto
95183,17,42,0,0,0,0,0,auto
95183,18,26,0,0,0,0,0,auto
95183,19,15,0,0,0,0,0,auto
95183,20,33,0,0,0,0,0,auto
99816,1,16,0,0,0,0,0,auto
99816,2,17,0,0,0,0,0,auto
99816,3,20,0,0,0,0,0,auto
99816,4,25,0,0,0,0,0,auto
99816,5,21,0,0,0,0,0,auto
99816,6,50,0,0,0,0,0,auto
99816,7,29,0,0,0,0,0,auto
99816,8,39,0,0,0,0,0,auto
99816,9,44,0,0,0,0,0,auto
99816,10,29,0,0,0,0,0,auto
99816,11,43,0,0,0,0,0,auto
99816,12,29,0,0,0,0,0,auto
99816,13,39,0,0,0,0,0,auto
99816,14,42,0,0,0,0,0,auto
99816,15,35,0,0,0,0,0,auto
99816,16,27,0,0,0,0,0,auto
99816,17,24,0,0,0,0,0,auto
99816,18,12,0,0,0,0,0,auto
99816,19,39,0,0,0,0,0,auto
